Raven1,Raven,"<div><div><strong>Flooring Type: </strong><span>Carpet</span></div><div><strong>Style: </strong><span>52V46 WESTBAY </span></div><div><strong>Color: </strong><span>00502 RAVEN </span></div><div><strong>Fiber Brand: </strong><span>Evertouch Nylon</span></div><div><strong>Width: </strong><span>12 ft</span></div><div><strong>Style Type: </strong><span>pattern </span></div><div><strong>Face Weight: </strong><span>25.00  oz./sq.yd. </span></div><div><strong>Stain Treatment: </strong><span>R2X</span></div><div><strong>Backing: </strong><span>CLASSICBAC</span></div><div><strong>Pattern Repeat: </strong><span>1 1/2""W X 1 1/4""L HD</span></div><div><strong>Made in the USA: </strong><span>YES</span></div><div><strong>Country Of Origin: </strong><span>USA</span></div></div>",Shaw Flooring,Carpet,"Carpet,52V46 WESTBAY ,00502 RAVEN ,Evertouch Nylon,12 ft,pattern ,25.00  oz./sq.yd. ,R2X,CLASSICBAC,1 1/2""W X 1 1/4""L HD,YES,USA,WESTBAY",TRUE,,,,,,,1,,,0,deny,manual,,,,,,,,,FALSE,,,,,,,,,,FALSE,,,,,,,,,
Leapfrog2,Leapfrog,<div><div><strong>Flooring Type: </strong><span>Carpet</span></div><div><strong>Style: </strong><span>E0204 MAGIC AT LAST III 12' </span></div><div><strong>Color: </strong><span>00346 LEAPFROG </span></div><div><strong>Fiber Brand: </strong><span>Anso Nylon</span></div><div><strong>Width: </strong><span>12 ft</span></div><div><strong>Style Type: </strong><span>texture </span></div><div><strong>Face Weight: </strong><span>58.50  oz./sq.yd. </span></div><div><strong>Stain Treatment: </strong><span>R2X</span></div><div><strong>Backing: </strong><span>SOFTBAC PLATINUM</span></div><div><strong>Made in the USA: </strong><span>YES</span></div><div><strong>Country Of Origin: </strong><span>USA</span></div></div>,Shaw Flooring,Carpet,"Carpet,E0204 MAGIC AT LAST III 12' ,00346 LEAPFROG ,Anso Nylon,12 ft,texture ,58.50  oz./sq.yd. ,R2X,SOFTBAC PLATINUM,YES,USA,MAGIC AT LAST III 12'",TRUE,,,,,,,1,,,0,deny,manual,,,,,,,,,FALSE,,,,,,,,,,FALSE,,,,,,,,,
Pebble Creek3,Pebble Creek,"<div><div><strong>Flooring Type: </strong><span>Carpet</span></div><div><strong>Style: </strong><span>CCP11 NATURALLY </span></div><div><strong>Color: </strong><span>00706 PEBBLE CREEK </span></div><div><strong>Collection: </strong><span>CARESS PATTERNS</span></div><div><strong>Width: </strong><span>12 ft</span></div><div><strong>Style Type: </strong><span>pattern </span></div><div><strong>Face Weight: </strong><span>39.00  oz./sq.yd. </span></div><div><strong>Stain Treatment: </strong><span>R2X</span></div><div><strong>Backing: </strong><span>SOFTBAC PLATINUM</span></div><div><strong>Pattern Repeat: </strong><span>9"" W X 11 1/2"" L HD</span></div><div><strong>Made in the USA: </strong><span>YES</span></div><div><strong>Country Of Origin: </strong><span>USA</span></div></div>",Shaw Flooring,Carpet,"Carpet,CCP11 NATURALLY ,00706 PEBBLE CREEK ,CARESS PATTERNS,12 ft,pattern ,39.00  oz./sq.yd. ,R2X,SOFTBAC PLATINUM,9"" W X 11 1/2"" L HD,YES,USA,NATURALLY",TRUE,,,,,,,1,,,0,deny,manual,,,,,,,,,FALSE,,,,,,,,,,FALSE,,,,,,,,,
Gun Metal4,Gun Metal,<div><div><strong>Flooring Type: </strong><span>Carpet</span></div><div><strong>Style: </strong><span>E0728 REFINED VISION III 12 </span></div><div><strong>Color: </strong><span>00501 GUN METAL </span></div><div><strong>Fiber Brand: </strong><span>Stainmaster TruSoft</span></div><div><strong>Width: </strong><span>12 ft</span></div><div><strong>Style Type: </strong><span>texture </span></div><div><strong>Face Weight: </strong><span>73.10  oz./sq.yd. </span></div><div><strong>Stain Treatment: </strong><span>STAINMASTER</span></div><div><strong>Backing: </strong><span>SOFTBAC PLATINUM</span></div><div><strong>Made in the USA: </strong><span>YES</span></div><div><strong>Country Of Origin: </strong><span>USA</span></div></div>,Shaw Flooring,Carpet,"Carpet,E0728 REFINED VISION III 12 ,00501 GUN METAL ,Stainmaster TruSoft,12 ft,texture ,73.10  oz./sq.yd. ,STAINMASTER,SOFTBAC PLATINUM,YES,USA,REFINED VISION III 12",TRUE,,,,,,,1,,,0,deny,manual,,,,,,,,,FALSE,,,,,,,,,,FALSE,,,,,,,,,
Nickel5,Nickel,<div><div><strong>Flooring Type: </strong><span>Carpet</span></div><div><strong>Style: </strong><span>E0562 WELL PLAYED I 12' </span></div><div><strong>Color: </strong><span>00502 NICKEL </span></div><div><strong>Fiber Brand: </strong><span>Unbranded</span></div><div><strong>Width: </strong><span>12 ft</span></div><div><strong>Style Type: </strong><span>texture </span></div><div><strong>Face Weight: </strong><span>36.10  oz./sq.yd. </span></div><div><strong>Stain Treatment: </strong><span>R2X</span></div><div><strong>Backing: </strong><span>CLASSICBAC</span></div><div><strong>Made in the USA: </strong><span>YES</span></div><div><strong>Country Of Origin: </strong><span>USA</span></div></div>,Shaw Flooring,Carpet,"Carpet,E0562 WELL PLAYED I 12' ,00502 NICKEL ,Unbranded,12 ft,texture ,36.10  oz./sq.yd. ,R2X,CLASSICBAC,YES,USA,WELL PLAYED I 12'",TRUE,,,,,,,1,,,0,deny,manual,,,,,,,,,FALSE,,,,,,,,,,FALSE,,,,,,,,,
Boutique6,Boutique,<div><div><strong>Flooring Type: </strong><span>Carpet</span></div><div><strong>Style: </strong><span>E9968 MOMENTUM II </span></div><div><strong>Color: </strong><span>102S BOUTIQUE </span></div><div><strong>Collection: </strong><span>N/A</span></div><div><strong>Fiber Brand: </strong><span>Clear Touch Polyester</span></div><div><strong>Width: </strong><span>12 ft</span></div><div><strong>Style Type: </strong><span>texture </span></div><div><strong>Face Weight: </strong><span>39.00  oz./sq.yd. </span></div><div><strong>Backing: </strong><span>CLASSICBAC</span></div><div><strong>Made in the USA: </strong><span>YES</span></div><div><strong>Country Of Origin: </strong><span>USA</span></div></div>,Shaw Flooring,Carpet,"Carpet,E9968 MOMENTUM II ,102S BOUTIQUE ,N/A,Clear Touch Polyester,12 ft,texture ,39.00  oz./sq.yd. ,CLASSICBAC,YES,USA,MOMENTUM II",TRUE,,,,,,,1,,,0,deny,manual,,,,,,,,,FALSE,,,,,,,,,,FALSE,,,,,,,,,
Dried Clay7,Dried Clay,<div><div><strong>Flooring Type: </strong><span>Carpet</span></div><div><strong>Style: </strong><span>E9958 CABANA LIFE (T) </span></div><div><strong>Color: </strong><span>00137 DRIED CLAY </span></div><div><strong>Collection: </strong><span>N/A</span></div><div><strong>Fiber Brand: </strong><span>Clear Touch Polyester</span></div><div><strong>Width: </strong><span>12 ft</span></div><div><strong>Style Type: </strong><span>texture </span></div><div><strong>Face Weight: </strong><span>29.20  oz./sq.yd. </span></div><div><strong>Backing: </strong><span>CLASSICBAC</span></div><div><strong>Made in the USA: </strong><span>YES</span></div><div><strong>Country Of Origin: </strong><span>USA</span></div></div>,Shaw Flooring,Carpet,"Carpet,E9958 CABANA LIFE (T) ,00137 DRIED CLAY ,N/A,Clear Touch Polyester,12 ft,texture ,29.20  oz./sq.yd. ,CLASSICBAC,YES,USA,CABANA LIFE (T)",TRUE,,,,,,,1,,,0,deny,manual,,,,,,,,,FALSE,,,,,,,,,,FALSE,,,,,,,,,
Mojave8,Mojave,<div><div><strong>Flooring Type: </strong><span>Carpet</span></div><div><strong>Style: </strong><span>Q4276 SANDY HOLLOW II 15' </span></div><div><strong>Color: </strong><span>00301 MOJAVE </span></div><div><strong>Fiber Brand: </strong><span>Anso Nylon</span></div><div><strong>Width: </strong><span>15 ft</span></div><div><strong>Style Type: </strong><span>texture </span></div><div><strong>Face Weight: </strong><span>48.80  oz./sq.yd. </span></div><div><strong>Stain Treatment: </strong><span>R2X</span></div><div><strong>Backing: </strong><span>SOFTBAC PLATINUM</span></div><div><strong>Made in the USA: </strong><span>YES</span></div><div><strong>Country Of Origin: </strong><span>USA</span></div></div>,Shaw Flooring,Carpet,"Carpet,Q4276 SANDY HOLLOW II 15' ,00301 MOJAVE ,Anso Nylon,15 ft,texture ,48.80  oz./sq.yd. ,R2X,SOFTBAC PLATINUM,YES,USA,SANDY HOLLOW II 15'",TRUE,,,,,,,1,,,0,deny,manual,,,,,,,,,FALSE,,,,,,,,,,FALSE,,,,,,,,,
Driftwood9,Driftwood,<div><div><strong>Flooring Type: </strong><span>Carpet</span></div><div><strong>Style: </strong><span>Q4692 CITY STREET 15' </span></div><div><strong>Color: </strong><span>00703 DRIFTWOOD </span></div><div><strong>Fiber Brand: </strong><span>Anso Nylon</span></div><div><strong>Width: </strong><span>15 ft</span></div><div><strong>Style Type: </strong><span>texture </span></div><div><strong>Face Weight: </strong><span>29.20  oz./sq.yd. </span></div><div><strong>Stain Treatment: </strong><span>R2X</span></div><div><strong>Backing: </strong><span>CLASSICBAC</span></div><div><strong>Made in the USA: </strong><span>YES</span></div><div><strong>Country Of Origin: </strong><span>USA</span></div></div>,Shaw Flooring,Carpet,"Carpet,Q4692 CITY STREET 15' ,00703 DRIFTWOOD ,Anso Nylon,15 ft,texture ,29.20  oz./sq.yd. ,R2X,CLASSICBAC,YES,USA,CITY STREET 15'",TRUE,,,,,,,1,,,0,deny,manual,,,,,,,,,FALSE,,,,,,,,,,FALSE,,,,,,,,,
Chameleon10,Chameleon,<div><div><strong>Flooring Type: </strong><span>Carpet</span></div><div><strong>Style: </strong><span>E9643 POINTS OF COLOR II </span></div><div><strong>Color: </strong><span>00302 CHAMELEON </span></div><div><strong>Collection: </strong><span>Bellera</span></div><div><strong>Width: </strong><span>12 ft</span></div><div><strong>Style Type: </strong><span>texture </span></div><div><strong>Face Weight: </strong><span>58.50  oz./sq.yd. </span></div><div><strong>Backing: </strong><span>LIFEGUARD</span></div><div><strong>Made in the USA: </strong><span>YES</span></div><div><strong>Country Of Origin: </strong><span>USA</span></div></div>,Shaw Flooring,Carpet,"Carpet,E9643 POINTS OF COLOR II ,00302 CHAMELEON ,Bellera,12 ft,texture ,58.50  oz./sq.yd. ,LIFEGUARD,YES,USA,POINTS OF COLOR II",TRUE,,,,,,,1,,,0,deny,manual,,,,,,,,,FALSE,,,,,,,,,,FALSE,,,,,,,,,
Beach House11,Beach House,<div><div><strong>Flooring Type: </strong><span>Carpet</span></div><div><strong>Style: </strong><span>EA576 PLATINUM TWIST </span></div><div><strong>Color: </strong><span>00771 BEACH HOUSE </span></div><div><strong>Fiber Brand: </strong><span>Anso Nylon</span></div><div><strong>Width: </strong><span>12 ft</span></div><div><strong>Style Type: </strong><span>twist </span></div><div><strong>Face Weight: </strong><span>53.60  oz./sq.yd. </span></div><div><strong>Stain Treatment: </strong><span>R2X</span></div><div><strong>Backing: </strong><span>SOFTBAC PLATINUM</span></div><div><strong>Made in the USA: </strong><span>YES</span></div><div><strong>Country Of Origin: </strong><span>USA</span></div></div>,Shaw Flooring,Carpet,"Carpet,EA576 PLATINUM TWIST ,00771 BEACH HOUSE ,Anso Nylon,12 ft,twist ,53.60  oz./sq.yd. ,R2X,SOFTBAC PLATINUM,YES,USA,PLATINUM TWIST",TRUE,,,,,,,1,,,0,deny,manual,,,,,,,,,FALSE,,,,,,,,,,FALSE,,,,,,,,,
Dunes12,Dunes,<div><div><strong>Flooring Type: </strong><span>Carpet</span></div><div><strong>Style: </strong><span>EA576 PLATINUM TWIST </span></div><div><strong>Color: </strong><span>00123 DUNES </span></div><div><strong>Fiber Brand: </strong><span>Anso Nylon</span></div><div><strong>Width: </strong><span>12 ft</span></div><div><strong>Style Type: </strong><span>twist </span></div><div><strong>Face Weight: </strong><span>53.60  oz./sq.yd. </span></div><div><strong>Stain Treatment: </strong><span>R2X</span></div><div><strong>Backing: </strong><span>SOFTBAC PLATINUM</span></div><div><strong>Made in the USA: </strong><span>YES</span></div><div><strong>Country Of Origin: </strong><span>USA</span></div></div>,Shaw Flooring,Carpet,"Carpet,EA576 PLATINUM TWIST ,00123 DUNES ,Anso Nylon,12 ft,twist ,53.60  oz./sq.yd. ,R2X,SOFTBAC PLATINUM,YES,USA,PLATINUM TWIST",TRUE,,,,,,,1,,,0,deny,manual,,,,,,,,,FALSE,,,,,,,,,,FALSE,,,,,,,,,
Stunning13,Stunning,"<div><div><strong>Flooring Type: </strong><span>Carpet</span></div><div><strong>Style: </strong><span>EA601 NO WORRIES </span></div><div><strong>Color: </strong><span>00704 STUNNING </span></div><div><strong>Collection: </strong><span>LIFE HAPPENS</span></div><div><strong>Fiber Brand: </strong><span>Anso Crush Resister Nylon w/R2X</span></div><div><strong>Width: </strong><span>12 ft</span></div><div><strong>Style Type: </strong><span>pattern </span></div><div><strong>Face Weight: </strong><span>35.10  oz./sq.yd. </span></div><div><strong>Stain Treatment: </strong><span>R2X</span></div><div><strong>Backing: </strong><span>LIFEGUARD</span></div><div><strong>Pattern Repeat: </strong><span>3/4""W X 7/8""L SM</span></div><div><strong>Made in the USA: </strong><span>YES</span></div><div><strong>Country Of Origin: </strong><span>USA</span></div></div>",Shaw Flooring,Carpet,"Carpet,EA601 NO WORRIES ,00704 STUNNING ,LIFE HAPPENS,Anso Crush Resister Nylon w/R2X,12 ft,pattern ,35.10  oz./sq.yd. ,R2X,LIFEGUARD,3/4""W X 7/8""L SM,YES,USA,NO WORRIES",TRUE,,,,,,,1,,,0,deny,manual,,,,,,,,,FALSE,,,,,,,,,,FALSE,,,,,,,,,
River Thames14,River Thames,<div><div><strong>Flooring Type: </strong><span>Carpet</span></div><div><strong>Style: </strong><span>EA574 SILVER TWIST </span></div><div><strong>Color: </strong><span>00730 RIVER THAMES </span></div><div><strong>Fiber Brand: </strong><span>Anso Nylon</span></div><div><strong>Width: </strong><span>12 ft</span></div><div><strong>Style Type: </strong><span>twist </span></div><div><strong>Face Weight: </strong><span>34.10  oz./sq.yd. </span></div><div><strong>Stain Treatment: </strong><span>R2X</span></div><div><strong>Backing: </strong><span>SOFTBAC PLATINUM</span></div><div><strong>Made in the USA: </strong><span>YES</span></div><div><strong>Country Of Origin: </strong><span>USA</span></div></div>,Shaw Flooring,Carpet,"Carpet,EA574 SILVER TWIST ,00730 RIVER THAMES ,Anso Nylon,12 ft,twist ,34.10  oz./sq.yd. ,R2X,SOFTBAC PLATINUM,YES,USA,SILVER TWIST",TRUE,,,,,,,1,,,0,deny,manual,,,,,,,,,FALSE,,,,,,,,,,FALSE,,,,,,,,,
Cashew15,Cashew,<div><div><strong>Flooring Type: </strong><span>Carpet</span></div><div><strong>Style: </strong><span>E0549 SANDY HOLLOW CLASSIC I 15 </span></div><div><strong>Color: </strong><span>00106 CASHEW </span></div><div><strong>Fiber Brand: </strong><span>Anso Nylon</span></div><div><strong>Width: </strong><span>15 ft</span></div><div><strong>Style Type: </strong><span>texture </span></div><div><strong>Face Weight: </strong><span>39.00  oz./sq.yd. </span></div><div><strong>Stain Treatment: </strong><span>R2X</span></div><div><strong>Backing: </strong><span>SOFTBAC PLATINUM</span></div><div><strong>Made in the USA: </strong><span>YES</span></div><div><strong>Country Of Origin: </strong><span>USA</span></div></div>,Shaw Flooring,Carpet,"Carpet,E0549 SANDY HOLLOW CLASSIC I 15 ,00106 CASHEW ,Anso Nylon,15 ft,texture ,39.00  oz./sq.yd. ,R2X,SOFTBAC PLATINUM,YES,USA,SANDY HOLLOW CLASSIC I 15",TRUE,,,,,,,1,,,0,deny,manual,,,,,,,,,FALSE,,,,,,,,,,FALSE,,,,,,,,,
Malted Milk16,Malted Milk,<div><div><strong>Flooring Type: </strong><span>Carpet</span></div><div><strong>Style: </strong><span>E0200 MAGIC AT LAST I 12' </span></div><div><strong>Color: </strong><span>00700 MALTED MILK </span></div><div><strong>Fiber Brand: </strong><span>Anso Nylon</span></div><div><strong>Width: </strong><span>12 ft</span></div><div><strong>Style Type: </strong><span>texture </span></div><div><strong>Face Weight: </strong><span>39.00  oz./sq.yd. </span></div><div><strong>Stain Treatment: </strong><span>R2X</span></div><div><strong>Backing: </strong><span>SOFTBAC PLATINUM</span></div><div><strong>Made in the USA: </strong><span>YES</span></div><div><strong>Country Of Origin: </strong><span>USA</span></div></div>,Shaw Flooring,Carpet,"Carpet,E0200 MAGIC AT LAST I 12' ,00700 MALTED MILK ,Anso Nylon,12 ft,texture ,39.00  oz./sq.yd. ,R2X,SOFTBAC PLATINUM,YES,USA,MAGIC AT LAST I 12'",TRUE,,,,,,,1,,,0,deny,manual,,,,,,,,,FALSE,,,,,,,,,,FALSE,,,,,,,,,
Mojave17,Mojave,<div><div><strong>Flooring Type: </strong><span>Carpet</span></div><div><strong>Style: </strong><span>E0553 SANDY HOLLOW CLASSIC III 15' </span></div><div><strong>Color: </strong><span>00301 MOJAVE </span></div><div><strong>Fiber Brand: </strong><span>Anso Nylon</span></div><div><strong>Width: </strong><span>15 ft</span></div><div><strong>Style Type: </strong><span>texture </span></div><div><strong>Face Weight: </strong><span>58.50  oz./sq.yd. </span></div><div><strong>Stain Treatment: </strong><span>R2X</span></div><div><strong>Backing: </strong><span>SOFTBAC PLATINUM</span></div><div><strong>Made in the USA: </strong><span>YES</span></div><div><strong>Country Of Origin: </strong><span>USA</span></div></div>,Shaw Flooring,Carpet,"Carpet,E0553 SANDY HOLLOW CLASSIC III 15' ,00301 MOJAVE ,Anso Nylon,15 ft,texture ,58.50  oz./sq.yd. ,R2X,SOFTBAC PLATINUM,YES,USA,SANDY HOLLOW CLASSIC III 15'",TRUE,,,,,,,1,,,0,deny,manual,,,,,,,,,FALSE,,,,,,,,,,FALSE,,,,,,,,,
Couture18,Couture,"<div><div><strong>Flooring Type: </strong><span>Carpet</span></div><div><strong>Style: </strong><span>EA648 WORK OF ART </span></div><div><strong>Color: </strong><span>00709 COUTURE </span></div><div><strong>Collection: </strong><span>LIFE HAPPENS</span></div><div><strong>Fiber Brand: </strong><span>Anso Crush Resister Nylon w/R2X</span></div><div><strong>Width: </strong><span>12 ft</span></div><div><strong>Style Type: </strong><span>pattern </span></div><div><strong>Face Weight: </strong><span>42.90  oz./sq.yd. </span></div><div><strong>Stain Treatment: </strong><span>R2X</span></div><div><strong>Backing: </strong><span>LIFEGUARD</span></div><div><strong>Pattern Repeat: </strong><span>36""W X 29.5""L SM</span></div><div><strong>Made in the USA: </strong><span>YES</span></div><div><strong>Country Of Origin: </strong><span>USA</span></div></div>",Shaw Flooring,Carpet,"Carpet,EA648 WORK OF ART ,00709 COUTURE ,LIFE HAPPENS,Anso Crush Resister Nylon w/R2X,12 ft,pattern ,42.90  oz./sq.yd. ,R2X,LIFEGUARD,36""W X 29.5""L SM,YES,USA,WORK OF ART",TRUE,,,,,,,1,,,0,deny,manual,,,,,,,,,FALSE,,,,,,,,,,FALSE,,,,,,,,,
Fog19,Fog,<div><div><strong>Flooring Type: </strong><span>Carpet</span></div><div><strong>Style: </strong><span>EA559 MY INSPIRATION I </span></div><div><strong>Color: </strong><span>00753 FOG </span></div><div><strong>Collection: </strong><span>SOFT SHADES</span></div><div><strong>Fiber Brand: </strong><span>Anso Nylon</span></div><div><strong>Width: </strong><span>12 ft</span></div><div><strong>Style Type: </strong><span>twist </span></div><div><strong>Face Weight: </strong><span>29.20  oz./sq.yd. </span></div><div><strong>Stain Treatment: </strong><span>R2X</span></div><div><strong>Backing: </strong><span>SOFTBAC PLATINUM</span></div><div><strong>Made in the USA: </strong><span>YES</span></div><div><strong>Country Of Origin: </strong><span>USA</span></div></div>,Shaw Flooring,Carpet,"Carpet,EA559 MY INSPIRATION I ,00753 FOG ,SOFT SHADES,Anso Nylon,12 ft,twist ,29.20  oz./sq.yd. ,R2X,SOFTBAC PLATINUM,YES,USA,MY INSPIRATION I",TRUE,,,,,,,1,,,0,deny,manual,,,,,,,,,FALSE,,,,,,,,,,FALSE,,,,,,,,,
Straw Hat20,Straw Hat,<div><div><strong>Flooring Type: </strong><span>Carpet</span></div><div><strong>Style: </strong><span>Q4722 HARBORFIELDS III 12' </span></div><div><strong>Color: </strong><span>00201 STRAW HAT </span></div><div><strong>Fiber Brand: </strong><span>Evertouch Nylon</span></div><div><strong>Width: </strong><span>12 ft</span></div><div><strong>Style Type: </strong><span>texture </span></div><div><strong>Face Weight: </strong><span>53.60  oz./sq.yd. </span></div><div><strong>Stain Treatment: </strong><span>R2X</span></div><div><strong>Backing: </strong><span>CLASSICBAC</span></div><div><strong>Made in the USA: </strong><span>YES</span></div><div><strong>Country Of Origin: </strong><span>USA</span></div></div>,Shaw Flooring,Carpet,"Carpet,Q4722 HARBORFIELDS III 12' ,00201 STRAW HAT ,Evertouch Nylon,12 ft,texture ,53.60  oz./sq.yd. ,R2X,CLASSICBAC,YES,USA,HARBORFIELDS III 12'",TRUE,,,,,,,1,,,0,deny,manual,,,,,,,,,FALSE,,,,,,,,,,FALSE,,,,,,,,,
Pebble Path21,Pebble Path,<div><div><strong>Flooring Type: </strong><span>Carpet</span></div><div><strong>Style: </strong><span>CCS68 CASHMERE CLASSIC I </span></div><div><strong>Color: </strong><span>00722 PEBBLE PATH </span></div><div><strong>Collection: </strong><span>CARESS</span></div><div><strong>Width: </strong><span>12 ft</span></div><div><strong>Style Type: </strong><span>texture </span></div><div><strong>Face Weight: </strong><span>48.80  oz./sq.yd. </span></div><div><strong>Stain Treatment: </strong><span>R2X</span></div><div><strong>Backing: </strong><span>SOFTBAC PLATINUM</span></div><div><strong>Made in the USA: </strong><span>YES</span></div><div><strong>Country Of Origin: </strong><span>USA</span></div></div>,Shaw Flooring,Carpet,"Carpet,CCS68 CASHMERE CLASSIC I ,00722 PEBBLE PATH ,CARESS,12 ft,texture ,48.80  oz./sq.yd. ,R2X,SOFTBAC PLATINUM,YES,USA,CASHMERE CLASSIC I",TRUE,,,,,,,1,,,0,deny,manual,,,,,,,,,FALSE,,,,,,,,,,FALSE,,,,,,,,,
Bison22,Bison,"<div><div><strong>Flooring Type: </strong><span>Carpet</span></div><div><strong>Style: </strong><span>CCP19 NEW EXHIBITION </span></div><div><strong>Color: </strong><span>00707 BISON </span></div><div><strong>Collection: </strong><span>CARESS PATTERNS</span></div><div><strong>Width: </strong><span>12 ft</span></div><div><strong>Style Type: </strong><span>pattern </span></div><div><strong>Face Weight: </strong><span>43.90  oz./sq.yd. </span></div><div><strong>Stain Treatment: </strong><span>R2X</span></div><div><strong>Backing: </strong><span>SOFTBAC PLATINUM</span></div><div><strong>Pattern Repeat: </strong><span>9""W X 10 1/4""L HD</span></div><div><strong>Made in the USA: </strong><span>YES</span></div><div><strong>Country Of Origin: </strong><span>USA</span></div></div>",Shaw Flooring,Carpet,"Carpet,CCP19 NEW EXHIBITION ,00707 BISON ,CARESS PATTERNS,12 ft,pattern ,43.90  oz./sq.yd. ,R2X,SOFTBAC PLATINUM,9""W X 10 1/4""L HD,YES,USA,NEW EXHIBITION",TRUE,,,,,,,1,,,0,deny,manual,,,,,,,,,FALSE,,,,,,,,,,FALSE,,,,,,,,,
Silver Sage23,Silver Sage,<div><div><strong>Flooring Type: </strong><span>Carpet</span></div><div><strong>Style: </strong><span>E0651 MY CHOICE II </span></div><div><strong>Color: </strong><span>00350 SILVER SAGE </span></div><div><strong>Collection: </strong><span>SOFT SHADES</span></div><div><strong>Fiber Brand: </strong><span>Anso Nylon</span></div><div><strong>Width: </strong><span>12 ft</span></div><div><strong>Style Type: </strong><span>texture </span></div><div><strong>Face Weight: </strong><span>39.00  oz./sq.yd. </span></div><div><strong>Stain Treatment: </strong><span>R2X</span></div><div><strong>Backing: </strong><span>SOFTBAC PLATINUM</span></div><div><strong>Made in the USA: </strong><span>YES</span></div><div><strong>Country Of Origin: </strong><span>USA</span></div></div>,Shaw Flooring,Carpet,"Carpet,E0651 MY CHOICE II ,00350 SILVER SAGE ,SOFT SHADES,Anso Nylon,12 ft,texture ,39.00  oz./sq.yd. ,R2X,SOFTBAC PLATINUM,YES,USA,MY CHOICE II",TRUE,,,,,,,1,,,0,deny,manual,,,,,,,,,FALSE,,,,,,,,,,FALSE,,,,,,,,,
Snow24,Snow,<div><div><strong>Flooring Type: </strong><span>Carpet</span></div><div><strong>Style: </strong><span>Q4718 HARBORFIELDS I 12' </span></div><div><strong>Color: </strong><span>00100 SNOW </span></div><div><strong>Fiber Brand: </strong><span>Evertouch Nylon</span></div><div><strong>Width: </strong><span>12 ft</span></div><div><strong>Style Type: </strong><span>texture </span></div><div><strong>Face Weight: </strong><span>34.10  oz./sq.yd. </span></div><div><strong>Stain Treatment: </strong><span>R2X</span></div><div><strong>Backing: </strong><span>CLASSICBAC</span></div><div><strong>Made in the USA: </strong><span>YES</span></div><div><strong>Country Of Origin: </strong><span>USA</span></div></div>,Shaw Flooring,Carpet,"Carpet,Q4718 HARBORFIELDS I 12' ,00100 SNOW ,Evertouch Nylon,12 ft,texture ,34.10  oz./sq.yd. ,R2X,CLASSICBAC,YES,USA,HARBORFIELDS I 12'",TRUE,,,,,,,1,,,0,deny,manual,,,,,,,,,FALSE,,,,,,,,,,FALSE,,,,,,,,,
Sandstone25,Sandstone,"<div><div><strong>Flooring Type: </strong><span>Carpet</span></div><div><strong>Style: </strong><span>EA706 EMANATED </span></div><div><strong>Color: </strong><span>00106 SANDSTONE </span></div><div><strong>Collection: </strong><span>TruAccents</span></div><div><strong>Fiber Brand: </strong><span>Anso Nylon</span></div><div><strong>Width: </strong><span>12 ft</span></div><div><strong>Style Type: </strong><span>pattern </span></div><div><strong>Face Weight: </strong><span>35.10  oz./sq.yd. </span></div><div><strong>Stain Treatment: </strong><span>R2X</span></div><div><strong>Backing: </strong><span>SOFTBAC PLATINUM</span></div><div><strong>Pattern Repeat: </strong><span>9 1/2"" W X 10 1/4""L</span></div><div><strong>Made in the USA: </strong><span>YES</span></div><div><strong>Country Of Origin: </strong><span>USA</span></div></div>",Shaw Flooring,Carpet,"Carpet,EA706 EMANATED ,00106 SANDSTONE ,TruAccents,Anso Nylon,12 ft,pattern ,35.10  oz./sq.yd. ,R2X,SOFTBAC PLATINUM,9 1/2"" W X 10 1/4""L,YES,USA,EMANATED",TRUE,,,,,,,1,,,0,deny,manual,,,,,,,,,FALSE,,,,,,,,,,FALSE,,,,,,,,,
Toast26,Toast,<div><div><strong>Flooring Type: </strong><span>Carpet</span></div><div><strong>Style: </strong><span>E9640 JUST A HINT I </span></div><div><strong>Color: </strong><span>00105 TOAST </span></div><div><strong>Collection: </strong><span>Bellera</span></div><div><strong>Width: </strong><span>12 ft</span></div><div><strong>Style Type: </strong><span>texture </span></div><div><strong>Face Weight: </strong><span>43.90  oz./sq.yd. </span></div><div><strong>Backing: </strong><span>LIFEGUARD</span></div><div><strong>Made in the USA: </strong><span>YES</span></div><div><strong>Country Of Origin: </strong><span>USA</span></div></div>,Shaw Flooring,Carpet,"Carpet,E9640 JUST A HINT I ,00105 TOAST ,Bellera,12 ft,texture ,43.90  oz./sq.yd. ,LIFEGUARD,YES,USA,JUST A HINT I",TRUE,,,,,,,1,,,0,deny,manual,,,,,,,,,FALSE,,,,,,,,,,FALSE,,,,,,,,,
Aloe27,Aloe,"<div><div><strong>Flooring Type: </strong><span>Carpet</span></div><div><strong>Style: </strong><span>EA075 CARABAN </span></div><div><strong>Color: </strong><span>00300 ALOE </span></div><div><strong>Fiber Brand: </strong><span>Anso Nylon</span></div><div><strong>Width: </strong><span>12 ft</span></div><div><strong>Style Type: </strong><span>loop </span></div><div><strong>Face Weight: </strong><span>31.20  oz./sq.yd. </span></div><div><strong>Stain Treatment: </strong><span>R2X</span></div><div><strong>Backing: </strong><span>SOFTBAC PLATINUM</span></div><div><strong>Pattern Repeat: </strong><span>2 1/2""W X 2 1/2""L HD</span></div><div><strong>Made in the USA: </strong><span>YES</span></div><div><strong>Country Of Origin: </strong><span>USA</span></div></div>",Shaw Flooring,Carpet,"Carpet,EA075 CARABAN ,00300 ALOE ,Anso Nylon,12 ft,loop ,31.20  oz./sq.yd. ,R2X,SOFTBAC PLATINUM,2 1/2""W X 2 1/2""L HD,YES,USA,CARABAN",TRUE,,,,,,,1,,,0,deny,manual,,,,,,,,,FALSE,,,,,,,,,,FALSE,,,,,,,,,
Mojave28,Mojave,<div><div><strong>Flooring Type: </strong><span>Carpet</span></div><div><strong>Style: </strong><span>E0555 SANDY HOLLOW CLASSIC IV 15' </span></div><div><strong>Color: </strong><span>00301 MOJAVE </span></div><div><strong>Fiber Brand: </strong><span>Anso Nylon</span></div><div><strong>Width: </strong><span>15 ft</span></div><div><strong>Style Type: </strong><span>texture </span></div><div><strong>Face Weight: </strong><span>68.20  oz./sq.yd. </span></div><div><strong>Stain Treatment: </strong><span>R2X</span></div><div><strong>Backing: </strong><span>SOFTBAC PLATINUM</span></div><div><strong>Made in the USA: </strong><span>YES</span></div><div><strong>Country Of Origin: </strong><span>USA</span></div></div>,Shaw Flooring,Carpet,"Carpet,E0555 SANDY HOLLOW CLASSIC IV 15' ,00301 MOJAVE ,Anso Nylon,15 ft,texture ,68.20  oz./sq.yd. ,R2X,SOFTBAC PLATINUM,YES,USA,SANDY HOLLOW CLASSIC IV 15'",TRUE,,,,,,,1,,,0,deny,manual,,,,,,,,,FALSE,,,,,,,,,,FALSE,,,,,,,,,
Wild Horses29,Wild Horses,<div><div><strong>Flooring Type: </strong><span>Carpet</span></div><div><strong>Style: </strong><span>E9288 BECAUSE WE CAN III 15' </span></div><div><strong>Color: </strong><span>00704 WILD HORSES </span></div><div><strong>Collection: </strong><span>Clearly Bold</span></div><div><strong>Width: </strong><span>15 ft</span></div><div><strong>Style Type: </strong><span>texture </span></div><div><strong>Face Weight: </strong><span>70.20  oz./sq.yd. </span></div><div><strong>Backing: </strong><span>CLASSICBAC</span></div><div><strong>Made in the USA: </strong><span>YES</span></div><div><strong>Country Of Origin: </strong><span>USA</span></div></div>,Shaw Flooring,Carpet,"Carpet,E9288 BECAUSE WE CAN III 15' ,00704 WILD HORSES ,Clearly Bold,15 ft,texture ,70.20  oz./sq.yd. ,CLASSICBAC,YES,USA,BECAUSE WE CAN III 15'",TRUE,,,,,,,1,,,0,deny,manual,,,,,,,,,FALSE,,,,,,,,,,FALSE,,,,,,,,,
Slate30,Slate,"<div><div><strong>Flooring Type: </strong><span>Carpet</span></div><div><strong>Style: </strong><span>E9634 NATURAL BOUCLE 15 </span></div><div><strong>Color: </strong><span>00500 SLATE </span></div><div><strong>Collection: </strong><span>Foundations</span></div><div><strong>Fiber Brand: </strong><span>Anso Nylon</span></div><div><strong>Width: </strong><span>15 ft</span></div><div><strong>Style Type: </strong><span>texture </span></div><div><strong>Face Weight: </strong><span>48.80  oz./sq.yd. </span></div><div><strong>Stain Treatment: </strong><span>R2X</span></div><div><strong>Backing: </strong><span>SOFTBAC PLATINUM</span></div><div><strong>Pattern Repeat: </strong><span>3/4""W X 7/8"" L</span></div><div><strong>Made in the USA: </strong><span>YES</span></div><div><strong>Country Of Origin: </strong><span>USA</span></div></div>",Shaw Flooring,Carpet,"Carpet,E9634 NATURAL BOUCLE 15 ,00500 SLATE ,Foundations,Anso Nylon,15 ft,texture ,48.80  oz./sq.yd. ,R2X,SOFTBAC PLATINUM,3/4""W X 7/8"" L,YES,USA,NATURAL BOUCLE 15",TRUE,,,,,,,1,,,0,deny,manual,,,,,,,,,FALSE,,,,,,,,,,FALSE,,,,,,,,,
Poetic31,Poetic,"<div><div><strong>Flooring Type: </strong><span>Carpet</span></div><div><strong>Style: </strong><span>EA598 ROBUST LIFE </span></div><div><strong>Color: </strong><span>00504 POETIC </span></div><div><strong>Collection: </strong><span>LIFE HAPPENS</span></div><div><strong>Fiber Brand: </strong><span>Anso Crush Resister Nylon w/R2X</span></div><div><strong>Width: </strong><span>12 ft</span></div><div><strong>Style Type: </strong><span>pattern </span></div><div><strong>Face Weight: </strong><span>35.10  oz./sq.yd. </span></div><div><strong>Stain Treatment: </strong><span>R2X</span></div><div><strong>Backing: </strong><span>LIFEGUARD</span></div><div><strong>Pattern Repeat: </strong><span>18""W X 21 1/2""L SM</span></div><div><strong>Made in the USA: </strong><span>YES</span></div><div><strong>Country Of Origin: </strong><span>USA</span></div></div>",Shaw Flooring,Carpet,"Carpet,EA598 ROBUST LIFE ,00504 POETIC ,LIFE HAPPENS,Anso Crush Resister Nylon w/R2X,12 ft,pattern ,35.10  oz./sq.yd. ,R2X,LIFEGUARD,18""W X 21 1/2""L SM,YES,USA,ROBUST LIFE",TRUE,,,,,,,1,,,0,deny,manual,,,,,,,,,FALSE,,,,,,,,,,FALSE,,,,,,,,,
Yearling32,Yearling,"<div><div><strong>Flooring Type: </strong><span>Carpet</span></div><div><strong>Style: </strong><span>CCP17 WORLD RENOWNED </span></div><div><strong>Color: </strong><span>00107 YEARLING </span></div><div><strong>Collection: </strong><span>CARESS PATTERNS</span></div><div><strong>Width: </strong><span>12 ft</span></div><div><strong>Style Type: </strong><span>pattern </span></div><div><strong>Face Weight: </strong><span>43.90  oz./sq.yd. </span></div><div><strong>Stain Treatment: </strong><span>R2X</span></div><div><strong>Backing: </strong><span>SOFTBAC PLATINUM</span></div><div><strong>Pattern Repeat: </strong><span>4 1/2""W X 4 1/2""L SM</span></div><div><strong>Made in the USA: </strong><span>YES</span></div><div><strong>Country Of Origin: </strong><span>USA</span></div></div>",Shaw Flooring,Carpet,"Carpet,CCP17 WORLD RENOWNED ,00107 YEARLING ,CARESS PATTERNS,12 ft,pattern ,43.90  oz./sq.yd. ,R2X,SOFTBAC PLATINUM,4 1/2""W X 4 1/2""L SM,YES,USA,WORLD RENOWNED",TRUE,,,,,,,1,,,0,deny,manual,,,,,,,,,FALSE,,,,,,,,,,FALSE,,,,,,,,,
Mohair33,Mohair,"<div><div><strong>Flooring Type: </strong><span>Carpet</span></div><div><strong>Style: </strong><span>CCP04 FINAL PIECE </span></div><div><strong>Color: </strong><span>00102 MOHAIR </span></div><div><strong>Collection: </strong><span>CARESS PATTERNS</span></div><div><strong>Width: </strong><span>12 ft</span></div><div><strong>Style Type: </strong><span>pattern </span></div><div><strong>Face Weight: </strong><span>39.00  oz./sq.yd. </span></div><div><strong>Stain Treatment: </strong><span>R2X</span></div><div><strong>Backing: </strong><span>SOFTBAC PLATINUM</span></div><div><strong>Pattern Repeat: </strong><span>3""W X 3 1/2""L SM</span></div><div><strong>Made in the USA: </strong><span>YES</span></div><div><strong>Country Of Origin: </strong><span>USA</span></div></div>",Shaw Flooring,Carpet,"Carpet,CCP04 FINAL PIECE ,00102 MOHAIR ,CARESS PATTERNS,12 ft,pattern ,39.00  oz./sq.yd. ,R2X,SOFTBAC PLATINUM,3""W X 3 1/2""L SM,YES,USA,FINAL PIECE",TRUE,,,,,,,1,,,0,deny,manual,,,,,,,,,FALSE,,,,,,,,,,FALSE,,,,,,,,,
Tropical Wave34,Tropical Wave,<div><div><strong>Flooring Type: </strong><span>Carpet</span></div><div><strong>Style: </strong><span>E0048 SECRET ESCAPE I 12 </span></div><div><strong>Color: </strong><span>00413 TROPICAL WAVE </span></div><div><strong>Fiber Brand: </strong><span>Clear Touch Polyester</span></div><div><strong>Width: </strong><span>12 ft</span></div><div><strong>Style Type: </strong><span>texture </span></div><div><strong>Face Weight: </strong><span>39.00  oz./sq.yd. </span></div><div><strong>Backing: </strong><span>CLASSICBAC</span></div><div><strong>Made in the USA: </strong><span>YES</span></div><div><strong>Country Of Origin: </strong><span>USA</span></div></div>,Shaw Flooring,Carpet,"Carpet,E0048 SECRET ESCAPE I 12 ,00413 TROPICAL WAVE ,Clear Touch Polyester,12 ft,texture ,39.00  oz./sq.yd. ,CLASSICBAC,YES,USA,SECRET ESCAPE I 12",TRUE,,,,,,,1,,,0,deny,manual,,,,,,,,,FALSE,,,,,,,,,,FALSE,,,,,,,,,
Golden Rod35,Golden Rod,<div><div><strong>Flooring Type: </strong><span>Carpet</span></div><div><strong>Style: </strong><span>Q4719 HARBORFIELDS I 15' </span></div><div><strong>Color: </strong><span>00202 GOLDEN ROD </span></div><div><strong>Fiber Brand: </strong><span>Evertouch Nylon</span></div><div><strong>Width: </strong><span>15 ft</span></div><div><strong>Style Type: </strong><span>texture </span></div><div><strong>Face Weight: </strong><span>34.10  oz./sq.yd. </span></div><div><strong>Stain Treatment: </strong><span>R2X</span></div><div><strong>Backing: </strong><span>CLASSICBAC</span></div><div><strong>Made in the USA: </strong><span>YES</span></div><div><strong>Country Of Origin: </strong><span>USA</span></div></div>,Shaw Flooring,Carpet,"Carpet,Q4719 HARBORFIELDS I 15' ,00202 GOLDEN ROD ,Evertouch Nylon,15 ft,texture ,34.10  oz./sq.yd. ,R2X,CLASSICBAC,YES,USA,HARBORFIELDS I 15'",TRUE,,,,,,,1,,,0,deny,manual,,,,,,,,,FALSE,,,,,,,,,,FALSE,,,,,,,,,
English Royal Navy36,English Royal Navy,<div><div><strong>Flooring Type: </strong><span>Carpet</span></div><div><strong>Style: </strong><span>EA571 GOLD TEXTURE </span></div><div><strong>Color: </strong><span>00433 ENGLISH ROYAL NAVY </span></div><div><strong>Fiber Brand: </strong><span>Anso Nylon</span></div><div><strong>Width: </strong><span>12 ft</span></div><div><strong>Style Type: </strong><span>texture </span></div><div><strong>Face Weight: </strong><span>43.90  oz./sq.yd. </span></div><div><strong>Stain Treatment: </strong><span>R2X</span></div><div><strong>Backing: </strong><span>SOFTBAC PLATINUM</span></div><div><strong>Made in the USA: </strong><span>YES</span></div><div><strong>Country Of Origin: </strong><span>USA</span></div></div>,Shaw Flooring,Carpet,"Carpet,EA571 GOLD TEXTURE ,00433 ENGLISH ROYAL NAVY ,Anso Nylon,12 ft,texture ,43.90  oz./sq.yd. ,R2X,SOFTBAC PLATINUM,YES,USA,GOLD TEXTURE",TRUE,,,,,,,1,,,0,deny,manual,,,,,,,,,FALSE,,,,,,,,,,FALSE,,,,,,,,,
Charcoal37,Charcoal,<div><div><strong>Flooring Type: </strong><span>Carpet</span></div><div><strong>Style: </strong><span>EA565 ARTIST VIEW III </span></div><div><strong>Color: </strong><span>00551 CHARCOAL </span></div><div><strong>Collection: </strong><span>SOFT SHADES</span></div><div><strong>Fiber Brand: </strong><span>Anso Nylon</span></div><div><strong>Width: </strong><span>12 ft</span></div><div><strong>Style Type: </strong><span>texture </span></div><div><strong>Face Weight: </strong><span>48.80  oz./sq.yd. </span></div><div><strong>Stain Treatment: </strong><span>R2X</span></div><div><strong>Backing: </strong><span>SOFTBAC PLATINUM</span></div><div><strong>Made in the USA: </strong><span>YES</span></div><div><strong>Country Of Origin: </strong><span>USA</span></div></div>,Shaw Flooring,Carpet,"Carpet,EA565 ARTIST VIEW III ,00551 CHARCOAL ,SOFT SHADES,Anso Nylon,12 ft,texture ,48.80  oz./sq.yd. ,R2X,SOFTBAC PLATINUM,YES,USA,ARTIST VIEW III",TRUE,,,,,,,1,,,0,deny,manual,,,,,,,,,FALSE,,,,,,,,,,FALSE,,,,,,,,,
Aged Copper38,Aged Copper,"<div><div><strong>Flooring Type: </strong><span>Carpet</span></div><div><strong>Style: </strong><span>EA023 THE FAIR </span></div><div><strong>Color: </strong><span>00600 AGED COPPER </span></div><div><strong>Fiber Brand: </strong><span>Anso Nylon</span></div><div><strong>Width: </strong><span>12 ft</span></div><div><strong>Style Type: </strong><span>pattern </span></div><div><strong>Face Weight: </strong><span>34.10  oz./sq.yd. </span></div><div><strong>Stain Treatment: </strong><span>R2X</span></div><div><strong>Backing: </strong><span>SOFTBAC PLATINUM</span></div><div><strong>Pattern Repeat: </strong><span>1""W X 1""L  SM</span></div><div><strong>Made in the USA: </strong><span>YES</span></div><div><strong>Country Of Origin: </strong><span>USA</span></div></div>",Shaw Flooring,Carpet,"Carpet,EA023 THE FAIR ,00600 AGED COPPER ,Anso Nylon,12 ft,pattern ,34.10  oz./sq.yd. ,R2X,SOFTBAC PLATINUM,1""W X 1""L  SM,YES,USA,THE FAIR",TRUE,,,,,,,1,,,0,deny,manual,,,,,,,,,FALSE,,,,,,,,,,FALSE,,,,,,,,,
Smooth Slate39,Smooth Slate,"<div><div><strong>Flooring Type: </strong><span>Carpet</span></div><div><strong>Style: </strong><span>EA185 CONSTANT BEAUTY LOOP </span></div><div><strong>Color: </strong><span>00704 SMOOTH SLATE </span></div><div><strong>Fiber Brand: </strong><span>Anso Nylon</span></div><div><strong>Width: </strong><span>15 ft</span></div><div><strong>Style Type: </strong><span>loop </span></div><div><strong>Face Weight: </strong><span>35.10  oz./sq.yd. </span></div><div><strong>Stain Treatment: </strong><span>R2X</span></div><div><strong>Backing: </strong><span>SOFTBAC PLATINUM</span></div><div><strong>Pattern Repeat: </strong><span>5/8""W X 1/2""L HD</span></div><div><strong>Made in the USA: </strong><span>YES</span></div><div><strong>Country Of Origin: </strong><span>USA</span></div></div>",Shaw Flooring,Carpet,"Carpet,EA185 CONSTANT BEAUTY LOOP ,00704 SMOOTH SLATE ,Anso Nylon,15 ft,loop ,35.10  oz./sq.yd. ,R2X,SOFTBAC PLATINUM,5/8""W X 1/2""L HD,YES,USA,CONSTANT BEAUTY LOOP",TRUE,,,,,,,1,,,0,deny,manual,,,,,,,,,FALSE,,,,,,,,,,FALSE,,,,,,,,,
Twinkle40,Twinkle,<div><div><strong>Flooring Type: </strong><span>Carpet</span></div><div><strong>Style: </strong><span>E0702 DAZZLE ME TEXTURE </span></div><div><strong>Color: </strong><span>00100 TWINKLE </span></div><div><strong>Collection: </strong><span>SIMPLY YOURS</span></div><div><strong>Fiber Brand: </strong><span>Unbranded</span></div><div><strong>Width: </strong><span>12 ft</span></div><div><strong>Style Type: </strong><span>texture </span></div><div><strong>Face Weight: </strong><span>34.10  oz./sq.yd. </span></div><div><strong>Stain Treatment: </strong><span>R2X</span></div><div><strong>Backing: </strong><span>CLASSICBAC</span></div><div><strong>Made in the USA: </strong><span>YES</span></div><div><strong>Country Of Origin: </strong><span>USA</span></div></div>,Shaw Flooring,Carpet,"Carpet,E0702 DAZZLE ME TEXTURE ,00100 TWINKLE ,SIMPLY YOURS,Unbranded,12 ft,texture ,34.10  oz./sq.yd. ,R2X,CLASSICBAC,YES,USA,DAZZLE ME TEXTURE",TRUE,,,,,,,1,,,0,deny,manual,,,,,,,,,FALSE,,,,,,,,,,FALSE,,,,,,,,,
Anchor41,Anchor,<div><div><strong>Flooring Type: </strong><span>Carpet</span></div><div><strong>Style: </strong><span>5E006 TAKE THE FLOOR TEXTURE II </span></div><div><strong>Color: </strong><span>00546 ANCHOR </span></div><div><strong>Collection: </strong><span>Foundations</span></div><div><strong>Fiber Brand: </strong><span>Anso Nylon</span></div><div><strong>Width: </strong><span>12 ft</span></div><div><strong>Style Type: </strong><span>texture </span></div><div><strong>Face Weight: </strong><span>53.60  oz./sq.yd. </span></div><div><strong>Stain Treatment: </strong><span>R2X</span></div><div><strong>Backing: </strong><span>SOFTBAC PLATINUM</span></div><div><strong>Made in the USA: </strong><span>YES</span></div><div><strong>Country Of Origin: </strong><span>USA</span></div></div>,Shaw Flooring,Carpet,"Carpet,5E006 TAKE THE FLOOR TEXTURE II ,00546 ANCHOR ,Foundations,Anso Nylon,12 ft,texture ,53.60  oz./sq.yd. ,R2X,SOFTBAC PLATINUM,YES,USA,TAKE THE FLOOR TEXTURE II",TRUE,,,,,,,1,,,0,deny,manual,,,,,,,,,FALSE,,,,,,,,,,FALSE,,,,,,,,,
Silk42,Silk,<div><div><strong>Flooring Type: </strong><span>Carpet</span></div><div><strong>Style: </strong><span>Q4720 HARBORFIELDS II 12' </span></div><div><strong>Color: </strong><span>00104 SILK </span></div><div><strong>Fiber Brand: </strong><span>Evertouch Nylon</span></div><div><strong>Width: </strong><span>12 ft</span></div><div><strong>Style Type: </strong><span>texture </span></div><div><strong>Face Weight: </strong><span>43.90  oz./sq.yd. </span></div><div><strong>Stain Treatment: </strong><span>R2X</span></div><div><strong>Backing: </strong><span>CLASSICBAC</span></div><div><strong>Made in the USA: </strong><span>YES</span></div><div><strong>Country Of Origin: </strong><span>USA</span></div></div>,Shaw Flooring,Carpet,"Carpet,Q4720 HARBORFIELDS II 12' ,00104 SILK ,Evertouch Nylon,12 ft,texture ,43.90  oz./sq.yd. ,R2X,CLASSICBAC,YES,USA,HARBORFIELDS II 12'",TRUE,,,,,,,1,,,0,deny,manual,,,,,,,,,FALSE,,,,,,,,,,FALSE,,,,,,,,,
Washed Gray43,Washed Gray,<div><div><strong>Flooring Type: </strong><span>Carpet</span></div><div><strong>Style: </strong><span>E9717 ALWAYS READY I </span></div><div><strong>Color: </strong><span>00593 WASHED GRAY </span></div><div><strong>Collection: </strong><span>Foundations</span></div><div><strong>Width: </strong><span>12 ft</span></div><div><strong>Style Type: </strong><span>texture </span></div><div><strong>Face Weight: </strong><span>29.20  oz./sq.yd. </span></div><div><strong>Stain Treatment: </strong><span>R2X</span></div><div><strong>Backing: </strong><span>CLASSICBAC</span></div><div><strong>Made in the USA: </strong><span>YES</span></div><div><strong>Country Of Origin: </strong><span>USA</span></div></div>,Shaw Flooring,Carpet,"Carpet,E9717 ALWAYS READY I ,00593 WASHED GRAY ,Foundations,12 ft,texture ,29.20  oz./sq.yd. ,R2X,CLASSICBAC,YES,USA,ALWAYS READY I",TRUE,,,,,,,1,,,0,deny,manual,,,,,,,,,FALSE,,,,,,,,,,FALSE,,,,,,,,,
Fresh Cream44,Fresh Cream,"<div><div><strong>Flooring Type: </strong><span>Carpet</span></div><div><strong>Style: </strong><span>CCP45 OFF THE GRID </span></div><div><strong>Color: </strong><span>00121 FRESH CREAM </span></div><div><strong>Collection: </strong><span>CARESS PATTERNS</span></div><div><strong>Width: </strong><span>12 ft</span></div><div><strong>Style Type: </strong><span>pattern </span></div><div><strong>Face Weight: </strong><span>45.80  oz./sq.yd. </span></div><div><strong>Stain Treatment: </strong><span>R2X</span></div><div><strong>Backing: </strong><span>SOFTBAC PLATINUM</span></div><div><strong>Pattern Repeat: </strong><span>18""WX15""LSM</span></div><div><strong>Made in the USA: </strong><span>YES</span></div><div><strong>Country Of Origin: </strong><span>USA</span></div></div>",Shaw Flooring,Carpet,"Carpet,CCP45 OFF THE GRID ,00121 FRESH CREAM ,CARESS PATTERNS,12 ft,pattern ,45.80  oz./sq.yd. ,R2X,SOFTBAC PLATINUM,18""WX15""LSM,YES,USA,OFF THE GRID",TRUE,,,,,,,1,,,0,deny,manual,,,,,,,,,FALSE,,,,,,,,,,FALSE,,,,,,,,,
Fleece45,Fleece,<div><div><strong>Flooring Type: </strong><span>Carpet</span></div><div><strong>Style: </strong><span>EA049 QUEEN OF HEARTS </span></div><div><strong>Color: </strong><span>00722 FLEECE </span></div><div><strong>Fiber Brand: </strong><span>Anso Nylon</span></div><div><strong>Width: </strong><span>12 ft</span></div><div><strong>Style Type: </strong><span>texture </span></div><div><strong>Face Weight: </strong><span>68.30  oz./sq.yd. </span></div><div><strong>Stain Treatment: </strong><span>R2X</span></div><div><strong>Backing: </strong><span>SOFTBAC PLATINUM</span></div><div><strong>Made in the USA: </strong><span>YES</span></div><div><strong>Country Of Origin: </strong><span>USA</span></div></div>,Shaw Flooring,Carpet,"Carpet,EA049 QUEEN OF HEARTS ,00722 FLEECE ,Anso Nylon,12 ft,texture ,68.30  oz./sq.yd. ,R2X,SOFTBAC PLATINUM,YES,USA,QUEEN OF HEARTS",TRUE,,,,,,,1,,,0,deny,manual,,,,,,,,,FALSE,,,,,,,,,,FALSE,,,,,,,,,
Latte46,Latte,<div><div><strong>Flooring Type: </strong><span>Carpet</span></div><div><strong>Style: </strong><span>EA570 SILVER TEXTURE </span></div><div><strong>Color: </strong><span>00760 LATTE </span></div><div><strong>Fiber Brand: </strong><span>Anso Nylon</span></div><div><strong>Width: </strong><span>12 ft</span></div><div><strong>Style Type: </strong><span>texture </span></div><div><strong>Face Weight: </strong><span>34.10  oz./sq.yd. </span></div><div><strong>Stain Treatment: </strong><span>R2X</span></div><div><strong>Backing: </strong><span>SOFTBAC PLATINUM</span></div><div><strong>Made in the USA: </strong><span>YES</span></div><div><strong>Country Of Origin: </strong><span>USA</span></div></div>,Shaw Flooring,Carpet,"Carpet,EA570 SILVER TEXTURE ,00760 LATTE ,Anso Nylon,12 ft,texture ,34.10  oz./sq.yd. ,R2X,SOFTBAC PLATINUM,YES,USA,SILVER TEXTURE",TRUE,,,,,,,1,,,0,deny,manual,,,,,,,,,FALSE,,,,,,,,,,FALSE,,,,,,,,,
Stone47,Stone,"<div><div><strong>Flooring Type: </strong><span>Carpet</span></div><div><strong>Style: </strong><span>CCS31 IMPRESSIBLE </span></div><div><strong>Color: </strong><span>00500 STONE </span></div><div><strong>Collection: </strong><span>CARESS</span></div><div><strong>Width: </strong><span>12 ft</span></div><div><strong>Style Type: </strong><span>loop </span></div><div><strong>Face Weight: </strong><span>39.00  oz./sq.yd. </span></div><div><strong>Stain Treatment: </strong><span>R2X</span></div><div><strong>Backing: </strong><span>SOFTBAC PLATINUM</span></div><div><strong>Pattern Repeat: </strong><span>36""W X 37.5""L SM</span></div><div><strong>Made in the USA: </strong><span>YES</span></div><div><strong>Country Of Origin: </strong><span>USA</span></div></div>",Shaw Flooring,Carpet,"Carpet,CCS31 IMPRESSIBLE ,00500 STONE ,CARESS,12 ft,loop ,39.00  oz./sq.yd. ,R2X,SOFTBAC PLATINUM,36""W X 37.5""L SM,YES,USA,IMPRESSIBLE",TRUE,,,,,,,1,,,0,deny,manual,,,,,,,,,FALSE,,,,,,,,,,FALSE,,,,,,,,,
Candlewick Glow48,Candlewick Glow,<div><div><strong>Flooring Type: </strong><span>Carpet</span></div><div><strong>Style: </strong><span>E0656 TRULY RELAXED III </span></div><div><strong>Color: </strong><span>00101 CANDLEWICK GLOW </span></div><div><strong>Collection: </strong><span>SOFT SHADES</span></div><div><strong>Fiber Brand: </strong><span>Anso Nylon</span></div><div><strong>Width: </strong><span>12 ft</span></div><div><strong>Style Type: </strong><span>texture </span></div><div><strong>Face Weight: </strong><span>48.80  oz./sq.yd. </span></div><div><strong>Stain Treatment: </strong><span>R2X</span></div><div><strong>Backing: </strong><span>SOFTBAC PLATINUM</span></div><div><strong>Made in the USA: </strong><span>YES</span></div><div><strong>Country Of Origin: </strong><span>USA</span></div></div>,Shaw Flooring,Carpet,"Carpet,E0656 TRULY RELAXED III ,00101 CANDLEWICK GLOW ,SOFT SHADES,Anso Nylon,12 ft,texture ,48.80  oz./sq.yd. ,R2X,SOFTBAC PLATINUM,YES,USA,TRULY RELAXED III",TRUE,,,,,,,1,,,0,deny,manual,,,,,,,,,FALSE,,,,,,,,,,FALSE,,,,,,,,,
Lake Como Skies49,Lake Como Skies,<div><div><strong>Flooring Type: </strong><span>Carpet</span></div><div><strong>Style: </strong><span>EA570 SILVER TEXTURE </span></div><div><strong>Color: </strong><span>00431 LAKE COMO SKIES </span></div><div><strong>Fiber Brand: </strong><span>Anso Nylon</span></div><div><strong>Width: </strong><span>12 ft</span></div><div><strong>Style Type: </strong><span>texture </span></div><div><strong>Face Weight: </strong><span>34.10  oz./sq.yd. </span></div><div><strong>Stain Treatment: </strong><span>R2X</span></div><div><strong>Backing: </strong><span>SOFTBAC PLATINUM</span></div><div><strong>Made in the USA: </strong><span>YES</span></div><div><strong>Country Of Origin: </strong><span>USA</span></div></div>,Shaw Flooring,Carpet,"Carpet,EA570 SILVER TEXTURE ,00431 LAKE COMO SKIES ,Anso Nylon,12 ft,texture ,34.10  oz./sq.yd. ,R2X,SOFTBAC PLATINUM,YES,USA,SILVER TEXTURE",TRUE,,,,,,,1,,,0,deny,manual,,,,,,,,,FALSE,,,,,,,,,,FALSE,,,,,,,,,
Croissant50,Croissant,<div><div><strong>Flooring Type: </strong><span>Carpet</span></div><div><strong>Style: </strong><span>E9698 SHAKE IT UP (T) </span></div><div><strong>Color: </strong><span>00220 CROISSANT </span></div><div><strong>Collection: </strong><span>N/A</span></div><div><strong>Width: </strong><span>12 ft</span></div><div><strong>Style Type: </strong><span>texture </span></div><div><strong>Face Weight: </strong><span>25.00  oz./sq.yd. </span></div><div><strong>Backing: </strong><span>CLASSICBAC</span></div><div><strong>Made in the USA: </strong><span>YES</span></div><div><strong>Country Of Origin: </strong><span>USA</span></div></div>,Shaw Flooring,Carpet,"Carpet,E9698 SHAKE IT UP (T) ,00220 CROISSANT ,N/A,12 ft,texture ,25.00  oz./sq.yd. ,CLASSICBAC,YES,USA,SHAKE IT UP (T)",TRUE,,,,,,,1,,,0,deny,manual,,,,,,,,,FALSE,,,,,,,,,,FALSE,,,,,,,,,
River Thames51,River Thames,<div><div><strong>Flooring Type: </strong><span>Carpet</span></div><div><strong>Style: </strong><span>EA570 SILVER TEXTURE </span></div><div><strong>Color: </strong><span>00730 RIVER THAMES </span></div><div><strong>Fiber Brand: </strong><span>Anso Nylon</span></div><div><strong>Width: </strong><span>12 ft</span></div><div><strong>Style Type: </strong><span>texture </span></div><div><strong>Face Weight: </strong><span>34.10  oz./sq.yd. </span></div><div><strong>Stain Treatment: </strong><span>R2X</span></div><div><strong>Backing: </strong><span>SOFTBAC PLATINUM</span></div><div><strong>Made in the USA: </strong><span>YES</span></div><div><strong>Country Of Origin: </strong><span>USA</span></div></div>,Shaw Flooring,Carpet,"Carpet,EA570 SILVER TEXTURE ,00730 RIVER THAMES ,Anso Nylon,12 ft,texture ,34.10  oz./sq.yd. ,R2X,SOFTBAC PLATINUM,YES,USA,SILVER TEXTURE",TRUE,,,,,,,1,,,0,deny,manual,,,,,,,,,FALSE,,,,,,,,,,FALSE,,,,,,,,,
Natural Wood52,Natural Wood,<div><div><strong>Flooring Type: </strong><span>Carpet</span></div><div><strong>Style: </strong><span>E0697 KEEP ME II </span></div><div><strong>Color: </strong><span>00700 NATURAL WOOD </span></div><div><strong>Collection: </strong><span>SIMPLY YOURS</span></div><div><strong>Fiber Brand: </strong><span>Unbranded</span></div><div><strong>Width: </strong><span>12 ft</span></div><div><strong>Style Type: </strong><span>texture </span></div><div><strong>Face Weight: </strong><span>48.80  oz./sq.yd. </span></div><div><strong>Stain Treatment: </strong><span>R2X</span></div><div><strong>Backing: </strong><span>CLASSICBAC</span></div><div><strong>Made in the USA: </strong><span>YES</span></div><div><strong>Country Of Origin: </strong><span>USA</span></div></div>,Shaw Flooring,Carpet,"Carpet,E0697 KEEP ME II ,00700 NATURAL WOOD ,SIMPLY YOURS,Unbranded,12 ft,texture ,48.80  oz./sq.yd. ,R2X,CLASSICBAC,YES,USA,KEEP ME II",TRUE,,,,,,,1,,,0,deny,manual,,,,,,,,,FALSE,,,,,,,,,,FALSE,,,,,,,,,
Stained Glass53,Stained Glass,<div><div><strong>Flooring Type: </strong><span>Carpet</span></div><div><strong>Style: </strong><span>EA558 TOTALLY CONVINCED </span></div><div><strong>Color: </strong><span>00452 STAINED GLASS </span></div><div><strong>Collection: </strong><span>SOFT SHADES</span></div><div><strong>Fiber Brand: </strong><span>Anso Nylon</span></div><div><strong>Width: </strong><span>12 ft</span></div><div><strong>Style Type: </strong><span>twist </span></div><div><strong>Face Weight: </strong><span>39.00  oz./sq.yd. </span></div><div><strong>Stain Treatment: </strong><span>R2X</span></div><div><strong>Backing: </strong><span>SOFTBAC PLATINUM</span></div><div><strong>Made in the USA: </strong><span>YES</span></div><div><strong>Country Of Origin: </strong><span>USA</span></div></div>,Shaw Flooring,Carpet,"Carpet,EA558 TOTALLY CONVINCED ,00452 STAINED GLASS ,SOFT SHADES,Anso Nylon,12 ft,twist ,39.00  oz./sq.yd. ,R2X,SOFTBAC PLATINUM,YES,USA,TOTALLY CONVINCED",TRUE,,,,,,,1,,,0,deny,manual,,,,,,,,,FALSE,,,,,,,,,,FALSE,,,,,,,,,
Stained Glass54,Stained Glass,"<div><div><strong>Flooring Type: </strong><span>Carpet</span></div><div><strong>Style: </strong><span>E0653 MY CHOICE PATTERN </span></div><div><strong>Color: </strong><span>00452 STAINED GLASS </span></div><div><strong>Collection: </strong><span>SOFT SHADES</span></div><div><strong>Fiber Brand: </strong><span>Anso Nylon</span></div><div><strong>Width: </strong><span>12 ft</span></div><div><strong>Style Type: </strong><span>pattern </span></div><div><strong>Face Weight: </strong><span>34.10  oz./sq.yd. </span></div><div><strong>Stain Treatment: </strong><span>R2X</span></div><div><strong>Backing: </strong><span>SOFTBAC PLATINUM</span></div><div><strong>Pattern Repeat: </strong><span>1/2"" W X 1/2"" L SM</span></div><div><strong>Made in the USA: </strong><span>YES</span></div><div><strong>Country Of Origin: </strong><span>USA</span></div></div>",Shaw Flooring,Carpet,"Carpet,E0653 MY CHOICE PATTERN ,00452 STAINED GLASS ,SOFT SHADES,Anso Nylon,12 ft,pattern ,34.10  oz./sq.yd. ,R2X,SOFTBAC PLATINUM,1/2"" W X 1/2"" L SM,YES,USA,MY CHOICE PATTERN",TRUE,,,,,,,1,,,0,deny,manual,,,,,,,,,FALSE,,,,,,,,,,FALSE,,,,,,,,,
Sea Salt55,Sea Salt,"<div><div><strong>Flooring Type: </strong><span>Carpet</span></div><div><strong>Style: </strong><span>EA500 SQUARE ONE </span></div><div><strong>Color: </strong><span>00512 SEA SALT </span></div><div><strong>Collection: </strong><span>Anso Originals</span></div><div><strong>Width: </strong><span>12 ft</span></div><div><strong>Style Type: </strong><span>pattern </span></div><div><strong>Face Weight: </strong><span>25.00  oz./sq.yd. </span></div><div><strong>Stain Treatment: </strong><span>R2X</span></div><div><strong>Backing: </strong><span>CLASSICBAC</span></div><div><strong>Pattern Repeat: </strong><span>3/4""W X 5/8""L HD</span></div><div><strong>Made in the USA: </strong><span>YES</span></div><div><strong>Country Of Origin: </strong><span>USA</span></div></div>",Shaw Flooring,Carpet,"Carpet,EA500 SQUARE ONE ,00512 SEA SALT ,Anso Originals,12 ft,pattern ,25.00  oz./sq.yd. ,R2X,CLASSICBAC,3/4""W X 5/8""L HD,YES,USA,SQUARE ONE",TRUE,,,,,,,1,,,0,deny,manual,,,,,,,,,FALSE,,,,,,,,,,FALSE,,,,,,,,,
Harp Strings56,Harp Strings,<div><div><strong>Flooring Type: </strong><span>Carpet</span></div><div><strong>Style: </strong><span>0C015 ENJOY THE MOMENT III 12' </span></div><div><strong>Color: </strong><span>00200 HARP STRINGS </span></div><div><strong>Fiber Brand: </strong><span>Clear Touch Polyester</span></div><div><strong>Width: </strong><span>12 ft</span></div><div><strong>Style Type: </strong><span>texture </span></div><div><strong>Face Weight: </strong><span>68.20  oz./sq.yd. </span></div><div><strong>Backing: </strong><span>CLASSICBAC</span></div><div><strong>Made in the USA: </strong><span>YES</span></div><div><strong>Country Of Origin: </strong><span>USA</span></div></div>,Shaw Flooring,Carpet,"Carpet,0C015 ENJOY THE MOMENT III 12' ,00200 HARP STRINGS ,Clear Touch Polyester,12 ft,texture ,68.20  oz./sq.yd. ,CLASSICBAC,YES,USA,ENJOY THE MOMENT III 12'",TRUE,,,,,,,1,,,0,deny,manual,,,,,,,,,FALSE,,,,,,,,,,FALSE,,,,,,,,,
Sea Grass57,Sea Grass,<div><div><strong>Flooring Type: </strong><span>Carpet</span></div><div><strong>Style: </strong><span>Q4681 OUR DELIGHT I 15' </span></div><div><strong>Color: </strong><span>00700 SEA GRASS </span></div><div><strong>Fiber Brand: </strong><span>Evertouch Nylon</span></div><div><strong>Width: </strong><span>15 ft</span></div><div><strong>Style Type: </strong><span>texture </span></div><div><strong>Face Weight: </strong><span>39.00  oz./sq.yd. </span></div><div><strong>Stain Treatment: </strong><span>R2X</span></div><div><strong>Made in the USA: </strong><span>YES</span></div><div><strong>Country Of Origin: </strong><span>USA</span></div></div>,Shaw Flooring,Carpet,"Carpet,Q4681 OUR DELIGHT I 15' ,00700 SEA GRASS ,Evertouch Nylon,15 ft,texture ,39.00  oz./sq.yd. ,R2X,YES,USA,OUR DELIGHT I 15'",TRUE,,,,,,,1,,,0,deny,manual,,,,,,,,,FALSE,,,,,,,,,,FALSE,,,,,,,,,
Flax58,Flax,"<div><div><strong>Flooring Type: </strong><span>Carpet</span></div><div><strong>Style: </strong><span>E9645 OUTSIDE THE LINES </span></div><div><strong>Color: </strong><span>00502 FLAX </span></div><div><strong>Collection: </strong><span>Bellera</span></div><div><strong>Width: </strong><span>12 ft</span></div><div><strong>Style Type: </strong><span>pattern </span></div><div><strong>Face Weight: </strong><span>39.00  oz./sq.yd. </span></div><div><strong>Backing: </strong><span>LIFEGUARD</span></div><div><strong>Pattern Repeat: </strong><span>18"" W X RANDOM</span></div><div><strong>Made in the USA: </strong><span>YES</span></div><div><strong>Country Of Origin: </strong><span>USA</span></div></div>",Shaw Flooring,Carpet,"Carpet,E9645 OUTSIDE THE LINES ,00502 FLAX ,Bellera,12 ft,pattern ,39.00  oz./sq.yd. ,LIFEGUARD,18"" W X RANDOM,YES,USA,OUTSIDE THE LINES",TRUE,,,,,,,1,,,0,deny,manual,,,,,,,,,FALSE,,,,,,,,,,FALSE,,,,,,,,,
Beach House59,Beach House,<div><div><strong>Flooring Type: </strong><span>Carpet</span></div><div><strong>Style: </strong><span>EA572 PLATINUM TEXTURE 12' </span></div><div><strong>Color: </strong><span>00771 BEACH HOUSE </span></div><div><strong>Fiber Brand: </strong><span>Anso Nylon</span></div><div><strong>Width: </strong><span>12 ft</span></div><div><strong>Style Type: </strong><span>texture </span></div><div><strong>Face Weight: </strong><span>53.60  oz./sq.yd. </span></div><div><strong>Stain Treatment: </strong><span>R2X</span></div><div><strong>Backing: </strong><span>SOFTBAC PLATINUM</span></div><div><strong>Made in the USA: </strong><span>YES</span></div><div><strong>Country Of Origin: </strong><span>USA</span></div></div>,Shaw Flooring,Carpet,"Carpet,EA572 PLATINUM TEXTURE 12' ,00771 BEACH HOUSE ,Anso Nylon,12 ft,texture ,53.60  oz./sq.yd. ,R2X,SOFTBAC PLATINUM,YES,USA,PLATINUM TEXTURE 12'",TRUE,,,,,,,1,,,0,deny,manual,,,,,,,,,FALSE,,,,,,,,,,FALSE,,,,,,,,,
Tropic Surf60,Tropic Surf,"<div><div><strong>Flooring Type: </strong><span>Carpet</span></div><div><strong>Style: </strong><span>E0117 WESTMINSTER </span></div><div><strong>Color: </strong><span>00401 TROPIC SURF </span></div><div><strong>Collection: </strong><span>N/A</span></div><div><strong>Fiber Brand: </strong><span>Anso Nylon</span></div><div><strong>Width: </strong><span>12 ft</span></div><div><strong>Style Type: </strong><span>pattern </span></div><div><strong>Face Weight: </strong><span>34.10  oz./sq.yd. </span></div><div><strong>Stain Treatment: </strong><span>R2X</span></div><div><strong>Backing: </strong><span>SOFTBAC PLATINUM</span></div><div><strong>Pattern Repeat: </strong><span>1/2"" W X 1/2"" L SM</span></div><div><strong>Made in the USA: </strong><span>YES</span></div><div><strong>Country Of Origin: </strong><span>USA</span></div></div>",Shaw Flooring,Carpet,"Carpet,E0117 WESTMINSTER ,00401 TROPIC SURF ,N/A,Anso Nylon,12 ft,pattern ,34.10  oz./sq.yd. ,R2X,SOFTBAC PLATINUM,1/2"" W X 1/2"" L SM,YES,USA,WESTMINSTER",TRUE,,,,,,,1,,,0,deny,manual,,,,,,,,,FALSE,,,,,,,,,,FALSE,,,,,,,,,
Creamed Coco61,Creamed Coco,"<div><div><strong>Flooring Type: </strong><span>Carpet</span></div><div><strong>Style: </strong><span>19814 CRESTLINE 15' </span></div><div><strong>Color: </strong><span>00111 CREAMED COCO </span></div><div><strong>Fiber Brand: </strong><span>Unbranded</span></div><div><strong>Width: </strong><span>15 ft</span></div><div><strong>Style Type: </strong><span>loop </span></div><div><strong>Face Weight: </strong><span>25.40  oz./sq.yd. </span></div><div><strong>Backing: </strong><span>CLASSICBAC</span></div><div><strong>Pattern Repeat: </strong><span>3/4""W X 1 1/4""L SM</span></div><div><strong>Made in the USA: </strong><span>YES</span></div><div><strong>Country Of Origin: </strong><span>USA</span></div></div>",Shaw Flooring,Carpet,"Carpet,19814 CRESTLINE 15' ,00111 CREAMED COCO ,Unbranded,15 ft,loop ,25.40  oz./sq.yd. ,CLASSICBAC,3/4""W X 1 1/4""L SM,YES,USA,CRESTLINE 15'",TRUE,,,,,,,1,,,0,deny,manual,,,,,,,,,FALSE,,,,,,,,,,FALSE,,,,,,,,,
Mountain High62,Mountain High,"<div><div><strong>Flooring Type: </strong><span>Carpet</span></div><div><strong>Style: </strong><span>18693 SUV 1100 12 </span></div><div><strong>Color: </strong><span>93704 MOUNTAIN HIGH </span></div><div><strong>Fiber Brand: </strong><span>Unbranded</span></div><div><strong>Width: </strong><span>12 ft</span></div><div><strong>Style Type: </strong><span>loop </span></div><div><strong>Face Weight: </strong><span>25.40  oz./sq.yd. </span></div><div><strong>Backing: </strong><span>CLASSICBAC</span></div><div><strong>Pattern Repeat: </strong><span>3/4""W X 1 1/4""L SM</span></div><div><strong>Made in the USA: </strong><span>YES</span></div><div><strong>Country Of Origin: </strong><span>USA</span></div></div>",Shaw Flooring,Carpet,"Carpet,18693 SUV 1100 12 ,93704 MOUNTAIN HIGH ,Unbranded,12 ft,loop ,25.40  oz./sq.yd. ,CLASSICBAC,3/4""W X 1 1/4""L SM,YES,USA,SUV 1100 12",TRUE,,,,,,,1,,,0,deny,manual,,,,,,,,,FALSE,,,,,,,,,,FALSE,,,,,,,,,
South Of France63,South Of France,<div><div><strong>Flooring Type: </strong><span>Carpet</span></div><div><strong>Style: </strong><span>EA571 GOLD TEXTURE </span></div><div><strong>Color: </strong><span>00331 SOUTH OF FRANCE </span></div><div><strong>Fiber Brand: </strong><span>Anso Nylon</span></div><div><strong>Width: </strong><span>12 ft</span></div><div><strong>Style Type: </strong><span>texture </span></div><div><strong>Face Weight: </strong><span>43.90  oz./sq.yd. </span></div><div><strong>Stain Treatment: </strong><span>R2X</span></div><div><strong>Backing: </strong><span>SOFTBAC PLATINUM</span></div><div><strong>Made in the USA: </strong><span>YES</span></div><div><strong>Country Of Origin: </strong><span>USA</span></div></div>,Shaw Flooring,Carpet,"Carpet,EA571 GOLD TEXTURE ,00331 SOUTH OF FRANCE ,Anso Nylon,12 ft,texture ,43.90  oz./sq.yd. ,R2X,SOFTBAC PLATINUM,YES,USA,GOLD TEXTURE",TRUE,,,,,,,1,,,0,deny,manual,,,,,,,,,FALSE,,,,,,,,,,FALSE,,,,,,,,,
Oatmeal64,Oatmeal,"<div><div><strong>Flooring Type: </strong><span>Carpet</span></div><div><strong>Style: </strong><span>E9607 LUCID IVY </span></div><div><strong>Color: </strong><span>00103 OATMEAL </span></div><div><strong>Collection: </strong><span>Foundations</span></div><div><strong>Fiber Brand: </strong><span>Anso Nylon</span></div><div><strong>Width: </strong><span>12 ft</span></div><div><strong>Style Type: </strong><span>pattern </span></div><div><strong>Face Weight: </strong><span>37.00  oz./sq.yd. </span></div><div><strong>Stain Treatment: </strong><span>R2X</span></div><div><strong>Backing: </strong><span>SOFTBAC PLATINUM</span></div><div><strong>Pattern Repeat: </strong><span>18""W X 18""L SM</span></div><div><strong>Made in the USA: </strong><span>YES</span></div><div><strong>Country Of Origin: </strong><span>USA</span></div></div>",Shaw Flooring,Carpet,"Carpet,E9607 LUCID IVY ,00103 OATMEAL ,Foundations,Anso Nylon,12 ft,pattern ,37.00  oz./sq.yd. ,R2X,SOFTBAC PLATINUM,18""W X 18""L SM,YES,USA,LUCID IVY",TRUE,,,,,,,1,,,0,deny,manual,,,,,,,,,FALSE,,,,,,,,,,FALSE,,,,,,,,,
Thoroughbred65,Thoroughbred,<div><div><strong>Flooring Type: </strong><span>Carpet</span></div><div><strong>Style: </strong><span>E0236 MAGIC AT LAST III 15' </span></div><div><strong>Color: </strong><span>00244 THOROUGHBRED </span></div><div><strong>Fiber Brand: </strong><span>Anso Nylon</span></div><div><strong>Width: </strong><span>15 ft</span></div><div><strong>Style Type: </strong><span>texture </span></div><div><strong>Face Weight: </strong><span>58.50  oz./sq.yd. </span></div><div><strong>Stain Treatment: </strong><span>R2X</span></div><div><strong>Backing: </strong><span>SOFTBAC PLATINUM</span></div><div><strong>Made in the USA: </strong><span>YES</span></div><div><strong>Country Of Origin: </strong><span>USA</span></div></div>,Shaw Flooring,Carpet,"Carpet,E0236 MAGIC AT LAST III 15' ,00244 THOROUGHBRED ,Anso Nylon,15 ft,texture ,58.50  oz./sq.yd. ,R2X,SOFTBAC PLATINUM,YES,USA,MAGIC AT LAST III 15'",TRUE,,,,,,,1,,,0,deny,manual,,,,,,,,,FALSE,,,,,,,,,,FALSE,,,,,,,,,
Plaza66,Plaza,<div><div><strong>Flooring Type: </strong><span>Carpet</span></div><div><strong>Style: </strong><span>E0583 SIMPLIFY LIFE 12' </span></div><div><strong>Color: </strong><span>00720 PLAZA </span></div><div><strong>Fiber Brand: </strong><span>Unbranded</span></div><div><strong>Width: </strong><span>12 ft</span></div><div><strong>Style Type: </strong><span>loop </span></div><div><strong>Face Weight: </strong><span>27.30  oz./sq.yd. </span></div><div><strong>Backing: </strong><span>CLASSICBAC</span></div><div><strong>Made in the USA: </strong><span>YES</span></div><div><strong>Country Of Origin: </strong><span>USA</span></div></div>,Shaw Flooring,Carpet,"Carpet,E0583 SIMPLIFY LIFE 12' ,00720 PLAZA ,Unbranded,12 ft,loop ,27.30  oz./sq.yd. ,CLASSICBAC,YES,USA,SIMPLIFY LIFE 12'",TRUE,,,,,,,1,,,0,deny,manual,,,,,,,,,FALSE,,,,,,,,,,FALSE,,,,,,,,,
Spanish Tile67,Spanish Tile,<div><div><strong>Flooring Type: </strong><span>Carpet</span></div><div><strong>Style: </strong><span>E0554 SANDY HOLLOW CLASSIC IV 12' </span></div><div><strong>Color: </strong><span>00601 SPANISH TILE </span></div><div><strong>Fiber Brand: </strong><span>Anso Nylon</span></div><div><strong>Width: </strong><span>12 ft</span></div><div><strong>Style Type: </strong><span>texture </span></div><div><strong>Face Weight: </strong><span>68.20  oz./sq.yd. </span></div><div><strong>Stain Treatment: </strong><span>R2X</span></div><div><strong>Backing: </strong><span>SOFTBAC PLATINUM</span></div><div><strong>Made in the USA: </strong><span>YES</span></div><div><strong>Country Of Origin: </strong><span>USA</span></div></div>,Shaw Flooring,Carpet,"Carpet,E0554 SANDY HOLLOW CLASSIC IV 12' ,00601 SPANISH TILE ,Anso Nylon,12 ft,texture ,68.20  oz./sq.yd. ,R2X,SOFTBAC PLATINUM,YES,USA,SANDY HOLLOW CLASSIC IV 12'",TRUE,,,,,,,1,,,0,deny,manual,,,,,,,,,FALSE,,,,,,,,,,FALSE,,,,,,,,,
Peaceful Tonal68,Peaceful Tonal,<div><div><strong>Flooring Type: </strong><span>Carpet</span></div><div><strong>Style: </strong><span>EA590 ALWAYS ACTIVE TONAL </span></div><div><strong>Color: </strong><span>00410 PEACEFUL TONAL </span></div><div><strong>Collection: </strong><span>LIFE HAPPENS</span></div><div><strong>Fiber Brand: </strong><span>Anso Crush Resister Nylon w/R2X</span></div><div><strong>Width: </strong><span>12 ft</span></div><div><strong>Style Type: </strong><span>texture </span></div><div><strong>Face Weight: </strong><span>58.50  oz./sq.yd. </span></div><div><strong>Stain Treatment: </strong><span>R2X</span></div><div><strong>Backing: </strong><span>LIFEGUARD</span></div><div><strong>Made in the USA: </strong><span>YES</span></div><div><strong>Country Of Origin: </strong><span>USA</span></div></div>,Shaw Flooring,Carpet,"Carpet,EA590 ALWAYS ACTIVE TONAL ,00410 PEACEFUL TONAL ,LIFE HAPPENS,Anso Crush Resister Nylon w/R2X,12 ft,texture ,58.50  oz./sq.yd. ,R2X,LIFEGUARD,YES,USA,ALWAYS ACTIVE TONAL",TRUE,,,,,,,1,,,0,deny,manual,,,,,,,,,FALSE,,,,,,,,,,FALSE,,,,,,,,,
Platinum69,Platinum,<div><div><strong>Flooring Type: </strong><span>Carpet</span></div><div><strong>Style: </strong><span>E9640 JUST A HINT I </span></div><div><strong>Color: </strong><span>00500 PLATINUM </span></div><div><strong>Collection: </strong><span>Bellera</span></div><div><strong>Width: </strong><span>12 ft</span></div><div><strong>Style Type: </strong><span>texture </span></div><div><strong>Face Weight: </strong><span>43.90  oz./sq.yd. </span></div><div><strong>Backing: </strong><span>LIFEGUARD</span></div><div><strong>Made in the USA: </strong><span>YES</span></div><div><strong>Country Of Origin: </strong><span>USA</span></div></div>,Shaw Flooring,Carpet,"Carpet,E9640 JUST A HINT I ,00500 PLATINUM ,Bellera,12 ft,texture ,43.90  oz./sq.yd. ,LIFEGUARD,YES,USA,JUST A HINT I",TRUE,,,,,,,1,,,0,deny,manual,,,,,,,,,FALSE,,,,,,,,,,FALSE,,,,,,,,,
Bird Seed70,Bird Seed,<div><div><strong>Flooring Type: </strong><span>Carpet</span></div><div><strong>Style: </strong><span>Q4691 CITY STREET 12' </span></div><div><strong>Color: </strong><span>00108 BIRD SEED </span></div><div><strong>Fiber Brand: </strong><span>Anso Nylon</span></div><div><strong>Width: </strong><span>12 ft</span></div><div><strong>Style Type: </strong><span>texture </span></div><div><strong>Face Weight: </strong><span>29.20  oz./sq.yd. </span></div><div><strong>Stain Treatment: </strong><span>R2X</span></div><div><strong>Backing: </strong><span>CLASSICBAC</span></div><div><strong>Made in the USA: </strong><span>YES</span></div><div><strong>Country Of Origin: </strong><span>USA</span></div></div>,Shaw Flooring,Carpet,"Carpet,Q4691 CITY STREET 12' ,00108 BIRD SEED ,Anso Nylon,12 ft,texture ,29.20  oz./sq.yd. ,R2X,CLASSICBAC,YES,USA,CITY STREET 12'",TRUE,,,,,,,1,,,0,deny,manual,,,,,,,,,FALSE,,,,,,,,,,FALSE,,,,,,,,,
Blonde71,Blonde,<div><div><strong>Flooring Type: </strong><span>Carpet</span></div><div><strong>Style: </strong><span>E0205 MAGIC AT LAST IV 12 </span></div><div><strong>Color: </strong><span>00242 BLONDE </span></div><div><strong>Fiber Brand: </strong><span>Anso Nylon</span></div><div><strong>Width: </strong><span>12 ft</span></div><div><strong>Style Type: </strong><span>texture </span></div><div><strong>Face Weight: </strong><span>68.20  oz./sq.yd. </span></div><div><strong>Stain Treatment: </strong><span>R2X</span></div><div><strong>Backing: </strong><span>SOFTBAC PLATINUM</span></div><div><strong>Made in the USA: </strong><span>YES</span></div><div><strong>Country Of Origin: </strong><span>USA</span></div></div>,Shaw Flooring,Carpet,"Carpet,E0205 MAGIC AT LAST IV 12 ,00242 BLONDE ,Anso Nylon,12 ft,texture ,68.20  oz./sq.yd. ,R2X,SOFTBAC PLATINUM,YES,USA,MAGIC AT LAST IV 12",TRUE,,,,,,,1,,,0,deny,manual,,,,,,,,,FALSE,,,,,,,,,,FALSE,,,,,,,,,
Mahogany72,Mahogany,<div><div><strong>Flooring Type: </strong><span>Carpet</span></div><div><strong>Style: </strong><span>E9643 POINTS OF COLOR II </span></div><div><strong>Color: </strong><span>00702 MAHOGANY </span></div><div><strong>Collection: </strong><span>Bellera</span></div><div><strong>Width: </strong><span>12 ft</span></div><div><strong>Style Type: </strong><span>texture </span></div><div><strong>Face Weight: </strong><span>58.50  oz./sq.yd. </span></div><div><strong>Backing: </strong><span>LIFEGUARD</span></div><div><strong>Made in the USA: </strong><span>YES</span></div><div><strong>Country Of Origin: </strong><span>USA</span></div></div>,Shaw Flooring,Carpet,"Carpet,E9643 POINTS OF COLOR II ,00702 MAHOGANY ,Bellera,12 ft,texture ,58.50  oz./sq.yd. ,LIFEGUARD,YES,USA,POINTS OF COLOR II",TRUE,,,,,,,1,,,0,deny,manual,,,,,,,,,FALSE,,,,,,,,,,FALSE,,,,,,,,,
Straw Hat73,Straw Hat,<div><div><strong>Flooring Type: </strong><span>Carpet</span></div><div><strong>Style: </strong><span>Q4720 HARBORFIELDS II 12' </span></div><div><strong>Color: </strong><span>00201 STRAW HAT </span></div><div><strong>Fiber Brand: </strong><span>Evertouch Nylon</span></div><div><strong>Width: </strong><span>12 ft</span></div><div><strong>Style Type: </strong><span>texture </span></div><div><strong>Face Weight: </strong><span>43.90  oz./sq.yd. </span></div><div><strong>Stain Treatment: </strong><span>R2X</span></div><div><strong>Backing: </strong><span>CLASSICBAC</span></div><div><strong>Made in the USA: </strong><span>YES</span></div><div><strong>Country Of Origin: </strong><span>USA</span></div></div>,Shaw Flooring,Carpet,"Carpet,Q4720 HARBORFIELDS II 12' ,00201 STRAW HAT ,Evertouch Nylon,12 ft,texture ,43.90  oz./sq.yd. ,R2X,CLASSICBAC,YES,USA,HARBORFIELDS II 12'",TRUE,,,,,,,1,,,0,deny,manual,,,,,,,,,FALSE,,,,,,,,,,FALSE,,,,,,,,,
Cliff Side74,Cliff Side,"<div><div><strong>Flooring Type: </strong><span>Carpet</span></div><div><strong>Style: </strong><span>19813 CRESTLINE 12' </span></div><div><strong>Color: </strong><span>00702 CLIFF SIDE </span></div><div><strong>Fiber Brand: </strong><span>Unbranded</span></div><div><strong>Width: </strong><span>12 ft</span></div><div><strong>Style Type: </strong><span>loop </span></div><div><strong>Face Weight: </strong><span>25.40  oz./sq.yd. </span></div><div><strong>Backing: </strong><span>CLASSICBAC</span></div><div><strong>Pattern Repeat: </strong><span>3/4""W X 1 1/4""L SM</span></div><div><strong>Made in the USA: </strong><span>YES</span></div><div><strong>Country Of Origin: </strong><span>USA</span></div></div>",Shaw Flooring,Carpet,"Carpet,19813 CRESTLINE 12' ,00702 CLIFF SIDE ,Unbranded,12 ft,loop ,25.40  oz./sq.yd. ,CLASSICBAC,3/4""W X 1 1/4""L SM,YES,USA,CRESTLINE 12'",TRUE,,,,,,,1,,,0,deny,manual,,,,,,,,,FALSE,,,,,,,,,,FALSE,,,,,,,,,
Bahama Bay75,Bahama Bay,<div><div><strong>Flooring Type: </strong><span>Carpet</span></div><div><strong>Style: </strong><span>52N89 ESSAY II 15' </span></div><div><strong>Color: </strong><span>00454 BAHAMA BAY </span></div><div><strong>Fiber Brand: </strong><span>Unbranded</span></div><div><strong>Width: </strong><span>15 ft</span></div><div><strong>Style Type: </strong><span>texture </span></div><div><strong>Face Weight: </strong><span>29.20  oz./sq.yd. </span></div><div><strong>Backing: </strong><span>CLASSICBAC</span></div><div><strong>Made in the USA: </strong><span>YES</span></div><div><strong>Country Of Origin: </strong><span>USA</span></div></div>,Shaw Flooring,Carpet,"Carpet,52N89 ESSAY II 15' ,00454 BAHAMA BAY ,Unbranded,15 ft,texture ,29.20  oz./sq.yd. ,CLASSICBAC,YES,USA,ESSAY II 15'",TRUE,,,,,,,1,,,0,deny,manual,,,,,,,,,FALSE,,,,,,,,,,FALSE,,,,,,,,,
Prairie76,Prairie,"<div><div><strong>Flooring Type: </strong><span>Carpet</span></div><div><strong>Style: </strong><span>EA503 SPEED ZONE </span></div><div><strong>Color: </strong><span>00710 PRAIRIE </span></div><div><strong>Collection: </strong><span>Anso Originals</span></div><div><strong>Width: </strong><span>12 ft</span></div><div><strong>Style Type: </strong><span>pattern </span></div><div><strong>Face Weight: </strong><span>25.00  oz./sq.yd. </span></div><div><strong>Stain Treatment: </strong><span>R2X</span></div><div><strong>Backing: </strong><span>CLASSICBAC</span></div><div><strong>Pattern Repeat: </strong><span>18""W X 16.5"" L SM</span></div><div><strong>Made in the USA: </strong><span>YES</span></div><div><strong>Country Of Origin: </strong><span>USA</span></div></div>",Shaw Flooring,Carpet,"Carpet,EA503 SPEED ZONE ,00710 PRAIRIE ,Anso Originals,12 ft,pattern ,25.00  oz./sq.yd. ,R2X,CLASSICBAC,18""W X 16.5"" L SM,YES,USA,SPEED ZONE",TRUE,,,,,,,1,,,0,deny,manual,,,,,,,,,FALSE,,,,,,,,,,FALSE,,,,,,,,,
Sea Shell77,Sea Shell,<div><div><strong>Flooring Type: </strong><span>Carpet</span></div><div><strong>Style: </strong><span>E9187 BECAUSE WE CAN II 12' </span></div><div><strong>Color: </strong><span>00100 SEA SHELL </span></div><div><strong>Collection: </strong><span>Clearly Bold</span></div><div><strong>Width: </strong><span>12 ft</span></div><div><strong>Style Type: </strong><span>texture </span></div><div><strong>Face Weight: </strong><span>58.50  oz./sq.yd. </span></div><div><strong>Backing: </strong><span>CLASSICBAC</span></div><div><strong>Made in the USA: </strong><span>YES</span></div><div><strong>Country Of Origin: </strong><span>USA</span></div></div>,Shaw Flooring,Carpet,"Carpet,E9187 BECAUSE WE CAN II 12' ,00100 SEA SHELL ,Clearly Bold,12 ft,texture ,58.50  oz./sq.yd. ,CLASSICBAC,YES,USA,BECAUSE WE CAN II 12'",TRUE,,,,,,,1,,,0,deny,manual,,,,,,,,,FALSE,,,,,,,,,,FALSE,,,,,,,,,
Arizona78,Arizona,"<div><div><strong>Flooring Type: </strong><span>Carpet</span></div><div><strong>Style: </strong><span>CCP17 WORLD RENOWNED </span></div><div><strong>Color: </strong><span>00851 ARIZONA </span></div><div><strong>Collection: </strong><span>CARESS PATTERNS</span></div><div><strong>Width: </strong><span>12 ft</span></div><div><strong>Style Type: </strong><span>pattern </span></div><div><strong>Face Weight: </strong><span>43.90  oz./sq.yd. </span></div><div><strong>Stain Treatment: </strong><span>R2X</span></div><div><strong>Backing: </strong><span>SOFTBAC PLATINUM</span></div><div><strong>Pattern Repeat: </strong><span>4 1/2""W X 4 1/2""L SM</span></div><div><strong>Made in the USA: </strong><span>YES</span></div><div><strong>Country Of Origin: </strong><span>USA</span></div></div>",Shaw Flooring,Carpet,"Carpet,CCP17 WORLD RENOWNED ,00851 ARIZONA ,CARESS PATTERNS,12 ft,pattern ,43.90  oz./sq.yd. ,R2X,SOFTBAC PLATINUM,4 1/2""W X 4 1/2""L SM,YES,USA,WORLD RENOWNED",TRUE,,,,,,,1,,,0,deny,manual,,,,,,,,,FALSE,,,,,,,,,,FALSE,,,,,,,,,
Parchment79,Parchment,"<div><div><strong>Flooring Type: </strong><span>Carpet</span></div><div><strong>Style: </strong><span>E0998 DASHING APPEAL </span></div><div><strong>Color: </strong><span>00121 PARCHMENT </span></div><div><strong>Fiber Brand: </strong><span>Stainmaster TruSoft</span></div><div><strong>Width: </strong><span>12 ft</span></div><div><strong>Style Type: </strong><span>pattern </span></div><div><strong>Face Weight: </strong><span>29.20  oz./sq.yd. </span></div><div><strong>Stain Treatment: </strong><span>STAINMASTER</span></div><div><strong>Backing: </strong><span>CLASSICBAC</span></div><div><strong>Pattern Repeat: </strong><span>9""W X 13 3/4""L SM</span></div><div><strong>Made in the USA: </strong><span>YES</span></div><div><strong>Country Of Origin: </strong><span>USA</span></div></div>",Shaw Flooring,Carpet,"Carpet,E0998 DASHING APPEAL ,00121 PARCHMENT ,Stainmaster TruSoft,12 ft,pattern ,29.20  oz./sq.yd. ,STAINMASTER,CLASSICBAC,9""W X 13 3/4""L SM,YES,USA,DASHING APPEAL",TRUE,,,,,,,1,,,0,deny,manual,,,,,,,,,FALSE,,,,,,,,,,FALSE,,,,,,,,,
Taupe Mist80,Taupe Mist,<div><div><strong>Flooring Type: </strong><span>Carpet</span></div><div><strong>Style: </strong><span>0C052 EVERYDAY EASY </span></div><div><strong>Color: </strong><span>33114 TAUPE MIST </span></div><div><strong>Fiber Brand: </strong><span>Clear Touch Polyester</span></div><div><strong>Width: </strong><span>12 ft</span></div><div><strong>Style Type: </strong><span>twist </span></div><div><strong>Face Weight: </strong><span>25.00  oz./sq.yd. </span></div><div><strong>Backing: </strong><span>CLASSICBAC</span></div><div><strong>Made in the USA: </strong><span>YES</span></div><div><strong>Country Of Origin: </strong><span>USA</span></div></div>,Shaw Flooring,Carpet,"Carpet,0C052 EVERYDAY EASY ,33114 TAUPE MIST ,Clear Touch Polyester,12 ft,twist ,25.00  oz./sq.yd. ,CLASSICBAC,YES,USA,EVERYDAY EASY",TRUE,,,,,,,1,,,0,deny,manual,,,,,,,,,FALSE,,,,,,,,,,FALSE,,,,,,,,,
Waikiki Sand81,Waikiki Sand,<div><div><strong>Flooring Type: </strong><span>Carpet</span></div><div><strong>Style: </strong><span>EA574 SILVER TWIST </span></div><div><strong>Color: </strong><span>00131 WAIKIKI SAND </span></div><div><strong>Fiber Brand: </strong><span>Anso Nylon</span></div><div><strong>Width: </strong><span>12 ft</span></div><div><strong>Style Type: </strong><span>twist </span></div><div><strong>Face Weight: </strong><span>34.10  oz./sq.yd. </span></div><div><strong>Stain Treatment: </strong><span>R2X</span></div><div><strong>Backing: </strong><span>SOFTBAC PLATINUM</span></div><div><strong>Made in the USA: </strong><span>YES</span></div><div><strong>Country Of Origin: </strong><span>USA</span></div></div>,Shaw Flooring,Carpet,"Carpet,EA574 SILVER TWIST ,00131 WAIKIKI SAND ,Anso Nylon,12 ft,twist ,34.10  oz./sq.yd. ,R2X,SOFTBAC PLATINUM,YES,USA,SILVER TWIST",TRUE,,,,,,,1,,,0,deny,manual,,,,,,"https://shawfloors.scene7.com/is/image/ShawIndustries/EA574_00131_ROOM?id=kvBrV3&fmt=jpg&fit=constrain,1&wid=998&hei=748",,,FALSE,,,,,,,,,,FALSE,,,,,,,,,
Gazebo82,Gazebo,"<div><div><strong>Flooring Type: </strong><span>Carpet</span></div><div><strong>Style: </strong><span>18150 BECKETTE 12 </span></div><div><strong>Color: </strong><span>50712 GAZEBO </span></div><div><strong>Fiber Brand: </strong><span>Unbranded</span></div><div><strong>Width: </strong><span>12 ft</span></div><div><strong>Style Type: </strong><span>loop </span></div><div><strong>Face Weight: </strong><span>24.90  oz./sq.yd. </span></div><div><strong>Backing: </strong><span>CLASSICBAC</span></div><div><strong>Pattern Repeat: </strong><span>3/4""W X 1 1/2""L HD</span></div><div><strong>Made in the USA: </strong><span>YES</span></div><div><strong>Country Of Origin: </strong><span>USA</span></div></div>",Shaw Flooring,Carpet,"Carpet,18150 BECKETTE 12 ,50712 GAZEBO ,Unbranded,12 ft,loop ,24.90  oz./sq.yd. ,CLASSICBAC,3/4""W X 1 1/2""L HD,YES,USA,BECKETTE 12",TRUE,,,,,,,1,,,0,deny,manual,,,,,,,,,FALSE,,,,,,,,,,FALSE,,,,,,,,,
Slate83,Slate,"<div><div><strong>Flooring Type: </strong><span>Carpet</span></div><div><strong>Style: </strong><span>E9723 PERPETUAL MOVE </span></div><div><strong>Color: </strong><span>00570 SLATE </span></div><div><strong>Collection: </strong><span>Foundations</span></div><div><strong>Fiber Brand: </strong><span>Anso Nylon</span></div><div><strong>Width: </strong><span>12 ft</span></div><div><strong>Style Type: </strong><span>pattern </span></div><div><strong>Face Weight: </strong><span>34.10  oz./sq.yd. </span></div><div><strong>Stain Treatment: </strong><span>R2X</span></div><div><strong>Backing: </strong><span>SOFTBAC PLATINUM</span></div><div><strong>Pattern Repeat: </strong><span>1/2"" W X 1/2"" L SM</span></div><div><strong>Made in the USA: </strong><span>YES</span></div><div><strong>Country Of Origin: </strong><span>USA</span></div></div>",Shaw Flooring,Carpet,"Carpet,E9723 PERPETUAL MOVE ,00570 SLATE ,Foundations,Anso Nylon,12 ft,pattern ,34.10  oz./sq.yd. ,R2X,SOFTBAC PLATINUM,1/2"" W X 1/2"" L SM,YES,USA,PERPETUAL MOVE",TRUE,,,,,,,1,,,0,deny,manual,,,,,,,,,FALSE,,,,,,,,,,FALSE,,,,,,,,,
Pale Cream84,Pale Cream,"<div><div><strong>Flooring Type: </strong><span>Carpet</span></div><div><strong>Style: </strong><span>EA185 CONSTANT BEAUTY LOOP </span></div><div><strong>Color: </strong><span>00121 PALE CREAM </span></div><div><strong>Fiber Brand: </strong><span>Anso Nylon</span></div><div><strong>Width: </strong><span>15 ft</span></div><div><strong>Style Type: </strong><span>loop </span></div><div><strong>Face Weight: </strong><span>35.10  oz./sq.yd. </span></div><div><strong>Stain Treatment: </strong><span>R2X</span></div><div><strong>Backing: </strong><span>SOFTBAC PLATINUM</span></div><div><strong>Pattern Repeat: </strong><span>5/8""W X 1/2""L HD</span></div><div><strong>Made in the USA: </strong><span>YES</span></div><div><strong>Country Of Origin: </strong><span>USA</span></div></div>",Shaw Flooring,Carpet,"Carpet,EA185 CONSTANT BEAUTY LOOP ,00121 PALE CREAM ,Anso Nylon,15 ft,loop ,35.10  oz./sq.yd. ,R2X,SOFTBAC PLATINUM,5/8""W X 1/2""L HD,YES,USA,CONSTANT BEAUTY LOOP",TRUE,,,,,,,1,,,0,deny,manual,,,,,,,,,FALSE,,,,,,,,,,FALSE,,,,,,,,,
Dove85,Dove,<div><div><strong>Flooring Type: </strong><span>Carpet</span></div><div><strong>Style: </strong><span>E0146 ALL STAR WEEKEND III 15' </span></div><div><strong>Color: </strong><span>00540 DOVE </span></div><div><strong>Fiber Brand: </strong><span>Clear Touch Polyester</span></div><div><strong>Width: </strong><span>15 ft</span></div><div><strong>Style Type: </strong><span>texture </span></div><div><strong>Face Weight: </strong><span>31.40  oz./sq.yd. </span></div><div><strong>Backing: </strong><span>CLASSICBAC</span></div><div><strong>Made in the USA: </strong><span>YES</span></div><div><strong>Country Of Origin: </strong><span>USA</span></div></div>,Shaw Flooring,Carpet,"Carpet,E0146 ALL STAR WEEKEND III 15' ,00540 DOVE ,Clear Touch Polyester,15 ft,texture ,31.40  oz./sq.yd. ,CLASSICBAC,YES,USA,ALL STAR WEEKEND III 15'",TRUE,,,,,,,1,,,0,deny,manual,,,,,,,,,FALSE,,,,,,,,,,FALSE,,,,,,,,,
Soft Glow86,Soft Glow,"<div><div><strong>Flooring Type: </strong><span>Carpet</span></div><div><strong>Style: </strong><span>EA703 FIERCE &amp; BOLD </span></div><div><strong>Color: </strong><span>00105 SOFT GLOW </span></div><div><strong>Collection: </strong><span>TruAccents</span></div><div><strong>Fiber Brand: </strong><span>Anso Nylon</span></div><div><strong>Width: </strong><span>12 ft</span></div><div><strong>Style Type: </strong><span>pattern </span></div><div><strong>Face Weight: </strong><span>34.10  oz./sq.yd. </span></div><div><strong>Stain Treatment: </strong><span>R2X</span></div><div><strong>Backing: </strong><span>SOFTBAC PLATINUM</span></div><div><strong>Pattern Repeat: </strong><span>36""W X 27 1/4""L</span></div><div><strong>Made in the USA: </strong><span>YES</span></div><div><strong>Country Of Origin: </strong><span>USA</span></div></div>",Shaw Flooring,Carpet,"Carpet,EA703 FIERCE &amp; BOLD ,00105 SOFT GLOW ,TruAccents,Anso Nylon,12 ft,pattern ,34.10  oz./sq.yd. ,R2X,SOFTBAC PLATINUM,36""W X 27 1/4""L,YES,USA,FIERCE & BOLD",TRUE,,,,,,,1,,,0,deny,manual,,,,,,,,,FALSE,,,,,,,,,,FALSE,,,,,,,,,
Grand Central87,Grand Central,<div><div><strong>Flooring Type: </strong><span>Carpet</span></div><div><strong>Style: </strong><span>EA570 SILVER TEXTURE </span></div><div><strong>Color: </strong><span>00833 GRAND CENTRAL </span></div><div><strong>Fiber Brand: </strong><span>Anso Nylon</span></div><div><strong>Width: </strong><span>12 ft</span></div><div><strong>Style Type: </strong><span>texture </span></div><div><strong>Face Weight: </strong><span>34.10  oz./sq.yd. </span></div><div><strong>Stain Treatment: </strong><span>R2X</span></div><div><strong>Backing: </strong><span>SOFTBAC PLATINUM</span></div><div><strong>Made in the USA: </strong><span>YES</span></div><div><strong>Country Of Origin: </strong><span>USA</span></div></div>,Shaw Flooring,Carpet,"Carpet,EA570 SILVER TEXTURE ,00833 GRAND CENTRAL ,Anso Nylon,12 ft,texture ,34.10  oz./sq.yd. ,R2X,SOFTBAC PLATINUM,YES,USA,SILVER TEXTURE",TRUE,,,,,,,1,,,0,deny,manual,,,,,,,,,FALSE,,,,,,,,,,FALSE,,,,,,,,,
Winter White88,Winter White,"<div><div><strong>Flooring Type: </strong><span>Carpet</span></div><div><strong>Style: </strong><span>EA500 SQUARE ONE </span></div><div><strong>Color: </strong><span>00100 WINTER WHITE </span></div><div><strong>Collection: </strong><span>Anso Originals</span></div><div><strong>Width: </strong><span>12 ft</span></div><div><strong>Style Type: </strong><span>pattern </span></div><div><strong>Face Weight: </strong><span>25.00  oz./sq.yd. </span></div><div><strong>Stain Treatment: </strong><span>R2X</span></div><div><strong>Backing: </strong><span>CLASSICBAC</span></div><div><strong>Pattern Repeat: </strong><span>3/4""W X 5/8""L HD</span></div><div><strong>Made in the USA: </strong><span>YES</span></div><div><strong>Country Of Origin: </strong><span>USA</span></div></div>",Shaw Flooring,Carpet,"Carpet,EA500 SQUARE ONE ,00100 WINTER WHITE ,Anso Originals,12 ft,pattern ,25.00  oz./sq.yd. ,R2X,CLASSICBAC,3/4""W X 5/8""L HD,YES,USA,SQUARE ONE",TRUE,,,,,,,1,,,0,deny,manual,,,,,,,,,FALSE,,,,,,,,,,FALSE,,,,,,,,,
